Name,Speed,Radius,TravelType,TravelTypeVariable,TravelTypeVariable2,Gravity,PreExplosionTimeMs,PiercesCharacters,PiercesEnvironment,PiercesEnvironmentLikeButter,PassesEnvironment,IsBeam,IsBouncing,BouncePercent,DistanceAddFromBounce,MaxDistanceBounces,CanHitAgainAfterBounce,DamagePercentStart,DamagePercentEnd,DamageChangeStartPromille,DamageChangeEndPromille,DamagesConstantlyTickDelay,FreezeStrength,FreezeDurationMS,StunLengthMS,PartialStunPromille,SilenceDurationMS,ChainsToEnemies,ChainBullets,ChainBulletsMax,ChainSpread,ChainTravelDistance,IsHomingMissile,SteerStrength,SteerIgnoreTicks,SteerLifeTime,UltiChargeChangePercent,SpawnCharacter
string,0.0,0.0,int,0.0,0.0,0.0,0.0,True,True,True,True,True,True,0.0,0.0,0,True,0.0,0.0,0.0,0.0,0.0,0.0,0.0,0.0,0.0,0.0,True,0,0,0.0,0.0,True,0.0,0.0,0.0,0.0,string
ShotgunGirlProjectile,3100.0,0.0,,0.0,0.0,0.0,0.0,True,True,True,True,True,True,0.0,0.0,0,True,0.0,0.0,0.0,0.0,0.0,0.0,0.0,0.0,0.0,0.0,True,0,0,0.0,0.0,True,0.0,0.0,0.0,0.0,
ShotgunGirlUltiProjectile,4130.0,50.0,,0.0,0.0,0.0,0.0,True,True,True,True,True,True,0.0,0.0,0,True,0.0,0.0,0.0,0.0,0.0,0.0,0.0,0.0,0.0,0.0,True,0,0,0.0,0.0,True,0.0,0.0,0.0,0.0,
ShotgunGirlOverchargedUltiProjectile,4130.0,50.0,,0.0,0.0,0.0,0.0,True,True,True,True,True,True,0.0,0.0,0,True,0.0,0.0,0.0,0.0,0.0,0.0,0.0,0.0,0.0,0.0,True,0,0,0.0,0.0,True,0.0,0.0,0.0,0.0,
GunslingerProjectile,4000.0,50.0,,0.0,0.0,0.0,0.0,True,True,True,True,True,True,0.0,0.0,0,True,0.0,0.0,0.0,0.0,0.0,0.0,0.0,0.0,0.0,0.0,True,0,0,0.0,0.0,True,0.0,0.0,0.0,0.0,
GunslingerUltiProjectile,4891.0,101.0,,0.0,0.0,0.0,0.0,True,True,True,True,True,True,0.0,0.0,0,True,0.0,0.0,0.0,0.0,0.0,0.0,0.0,0.0,0.0,0.0,True,0,0,0.0,0.0,True,0.0,0.0,0.0,0.0,
GunslingerOverchargedUltiProjectile,4891.0,101.0,,0.0,0.0,0.0,0.0,True,True,True,True,True,True,0.0,0.0,0,True,0.0,0.0,0.0,0.0,0.0,0.0,0.0,0.0,0.0,0.0,True,0,0,0.0,0.0,True,0.0,0.0,0.0,0.0,
BullDudeProjectile,2853.0,0.0,,0.0,0.0,0.0,0.0,True,True,True,True,True,True,0.0,0.0,0,True,0.0,0.0,0.0,0.0,0.0,0.0,0.0,0.0,0.0,0.0,True,0,0,0.0,0.0,True,0.0,0.0,0.0,0.0,
RocketGirlProjectile,2700.0,101.0,,0.0,0.0,0.0,0.0,True,True,True,True,True,True,0.0,0.0,0,True,0.0,0.0,0.0,0.0,0.0,0.0,0.0,0.0,0.0,0.0,True,0,0,0.0,0.0,True,0.0,0.0,0.0,0.0,
RocketGirlUltiProjectile,870.0,0.0,,0.0,0.0,93.0,0.0,True,True,True,True,True,True,0.0,0.0,0,True,0.0,0.0,0.0,0.0,0.0,0.0,0.0,0.0,0.0,0.0,True,0,0,0.0,0.0,True,0.0,0.0,0.0,0.0,
TrickshotDudeProjectile,3478.0,101.0,,0.0,0.0,0.0,0.0,True,True,True,True,True,True,0.0,500.0,6,True,0.0,0.0,0.0,0.0,0.0,0.0,0.0,0.0,0.0,0.0,True,0,0,0.0,0.0,True,0.0,0.0,0.0,0.0,
TrickshotDudeUltiProjectile,4891.0,101.0,,0.0,0.0,0.0,0.0,True,True,True,True,True,True,0.0,500.0,6,True,0.0,0.0,0.0,0.0,0.0,0.0,0.0,0.0,0.0,0.0,True,0,0,0.0,0.0,True,0.0,0.0,0.0,0.0,
TrickshotDudeUltiOverchargedProjectile,4891.0,101.0,,0.0,0.0,0.0,0.0,True,True,True,True,True,True,0.0,1800.0,8,True,0.0,0.0,0.0,0.0,0.0,0.0,0.0,0.0,0.0,0.0,True,0,0,0.0,0.0,True,0.0,0.0,0.0,0.0,
CactusProjectile,2174.0,150.0,,0.0,0.0,0.0,0.0,True,True,True,True,True,True,0.0,0.0,0,True,0.0,0.0,0.0,0.0,0.0,0.0,0.0,0.0,0.0,0.0,True,0,0,0.0,0.0,True,0.0,0.0,0.0,0.0,
CactusUltiProjectile,1739.0,0.0,,0.0,0.0,240.0,0.0,True,True,True,True,True,True,0.0,0.0,0,True,0.0,0.0,0.0,0.0,0.0,0.0,0.0,0.0,0.0,0.0,True,0,0,0.0,0.0,True,0.0,0.0,0.0,0.0,
CactusOverchargedUltiProjectile,1739.0,0.0,,0.0,0.0,240.0,0.0,True,True,True,True,True,True,0.0,0.0,0,True,0.0,0.0,0.0,0.0,0.0,0.0,0.0,0.0,0.0,0.0,True,0,0,0.0,0.0,True,0.0,0.0,0.0,0.0,
CactusSpike,3261.0,50.0,,0.0,0.0,0.0,0.0,True,True,True,True,True,True,0.0,0.0,0,True,0.0,0.0,0.0,0.0,0.0,0.0,0.0,0.0,0.0,0.0,True,0,0,0.0,0.0,True,0.0,0.0,0.0,0.0,
MechanicProjectile1,2870.0,150.0,,0.0,0.0,0.0,0.0,True,True,True,True,True,True,0.0,0.0,0,True,0.0,0.0,0.0,0.0,0.0,0.0,0.0,0.0,0.0,0.0,True,0,0,0.0,20.0,True,0.0,0.0,0.0,0.0,
MechanicProjectile2,1522.0,150.0,,0.0,0.0,0.0,0.0,True,True,True,True,True,True,0.0,0.0,0,True,75.0,75.0,0.0,1000.0,0.0,0.0,0.0,0.0,0.0,0.0,True,0,0,0.0,20.0,True,0.0,0.0,0.0,0.0,
MechanicProjectile3,1522.0,150.0,,0.0,0.0,0.0,0.0,True,True,True,True,True,True,0.0,0.0,0,True,75.0,75.0,0.0,1000.0,0.0,0.0,0.0,0.0,0.0,0.0,True,0,0,0.0,0.0,True,0.0,0.0,0.0,0.0,
MechanicUltiProjectile,1196.0,0.0,,0.0,0.0,170.0,0.0,True,True,True,True,True,True,0.0,0.0,0,True,0.0,0.0,0.0,0.0,0.0,0.0,0.0,0.0,0.0,0.0,True,0,0,0.0,0.0,True,0.0,0.0,0.0,0.0,
MechanicOverchargedUltiProjectile,1196.0,0.0,,0.0,0.0,170.0,0.0,True,True,True,True,True,True,0.0,0.0,0,True,0.0,0.0,0.0,0.0,0.0,0.0,0.0,0.0,0.0,0.0,True,0,0,0.0,0.0,True,0.0,0.0,0.0,0.0,
ShamanProjectile,2718.0,250.0,,0.0,0.0,0.0,0.0,True,True,True,True,True,True,0.0,0.0,0,True,0.0,0.0,0.0,0.0,0.0,0.0,0.0,0.0,0.0,0.0,True,0,0,0.0,0.0,True,0.0,0.0,0.0,0.0,
ShamanUltiProjectile,1196.0,0.0,,0.0,0.0,170.0,0.0,True,True,True,True,True,True,0.0,0.0,0,True,0.0,0.0,0.0,0.0,0.0,0.0,0.0,0.0,0.0,0.0,True,0,0,0.0,0.0,True,0.0,0.0,0.0,0.0,
ShamanOverChargedUltiProjectile,1196.0,0.0,,0.0,0.0,170.0,0.0,True,True,True,True,True,True,0.0,0.0,0,True,0.0,0.0,0.0,0.0,0.0,0.0,0.0,0.0,0.0,0.0,True,0,0,0.0,0.0,True,0.0,0.0,0.0,0.0,
BarkeepProjectile,1750.0,0.0,,0.0,0.0,240.0,0.0,True,True,True,True,True,True,0.0,0.0,0,True,0.0,0.0,0.0,0.0,0.0,0.0,0.0,0.0,0.0,0.0,True,0,0,0.0,0.0,True,0.0,0.0,0.0,0.0,
BarkeepUltiProjectile,1504.0,0.0,,0.0,0.0,170.0,0.0,True,True,True,True,True,True,0.0,0.0,0,True,0.0,0.0,0.0,0.0,0.0,0.0,0.0,0.0,0.0,0.0,True,0,0,0.0,0.0,True,0.0,0.0,0.0,0.0,
TntDudeProjectile,1900.0,0.0,,0.0,0.0,430.0,0.0,True,True,True,True,True,True,35.0,0.0,0,True,0.0,0.0,0.0,0.0,0.0,0.0,0.0,0.0,0.0,0.0,True,0,0,0.0,0.0,True,0.0,0.0,0.0,0.0,
TntDudeOverchargedClusterProjectile,1900.0,0.0,,0.0,0.0,430.0,0.0,True,True,True,True,True,True,35.0,0.0,0,True,0.0,0.0,0.0,0.0,0.0,0.0,0.0,0.0,0.0,0.0,True,0,0,0.0,0.0,True,0.0,0.0,0.0,0.0,
TntDudeUltiProjectile,1600.0,0.0,,0.0,0.0,330.0,0.0,True,True,True,True,True,True,35.0,0.0,0,True,0.0,0.0,0.0,0.0,0.0,0.0,0.0,0.0,0.0,0.0,True,0,0,0.0,0.0,True,0.0,0.0,0.0,0.0,
TntDudeOverchargedUltiProjectile,1600.0,0.0,,0.0,0.0,330.0,0.0,True,True,True,True,True,True,35.0,0.0,0,True,0.0,0.0,0.0,0.0,0.0,0.0,0.0,0.0,0.0,0.0,True,0,0,0.0,0.0,True,0.0,0.0,0.0,0.0,
BoneThrowerProjectile,1305.0,0.0,,0.0,0.0,150.0,0.0,True,True,True,True,True,True,35.0,0.0,0,True,0.0,0.0,0.0,0.0,0.0,0.0,0.0,0.0,0.0,0.0,True,0,0,0.0,0.0,True,0.0,0.0,0.0,0.0,
BoneThrowerUltiProjectile,1305.0,0.0,,0.0,0.0,150.0,0.0,True,True,True,True,True,True,35.0,0.0,0,True,0.0,0.0,0.0,0.0,0.0,0.0,0.0,0.0,0.0,0.0,True,0,0,0.0,0.0,True,0.0,0.0,0.0,0.0,
DummyProjectileForLaserBall,2499.0,0.0,31,0.0,0.0,0.0,0.0,True,True,True,True,True,True,0.0,0.0,0,True,0.0,0.0,0.0,0.0,0.0,0.0,0.0,0.0,0.0,0.0,True,0,0,0.0,0.0,True,0.0,0.0,0.0,0.0,
DummyProjectileForLaserBallBurning,2499.0,0.0,31,0.0,0.0,0.0,0.0,True,True,True,True,True,True,0.0,0.0,0,True,0.0,0.0,0.0,0.0,0.0,0.0,0.0,0.0,0.0,0.0,True,0,0,0.0,0.0,True,0.0,0.0,0.0,0.0,
MechanicTurretProjectile,3478.0,0.0,,0.0,0.0,0.0,0.0,True,True,True,True,True,True,0.0,0.0,0,True,0.0,0.0,0.0,0.0,0.0,0.0,0.0,0.0,0.0,0.0,True,0,0,0.0,0.0,True,0.0,0.0,0.0,0.0,
MechanicOverchargedTurretProjectile,3478.0,0.0,,0.0,0.0,0.0,0.0,True,True,True,True,True,True,0.0,0.0,0,True,0.0,0.0,0.0,0.0,0.0,0.0,0.0,0.0,0.0,0.0,True,0,0,0.0,0.0,True,0.0,0.0,0.0,0.0,
UndertakerAfterChargeOverchargedProjectile,3478.0,280.0,,0.0,0.0,0.0,0.0,True,True,True,True,True,True,0.0,0.0,0,True,0.0,0.0,0.0,0.0,0.0,0.0,0.0,0.0,0.0,0.0,True,0,0,0.0,0.0,True,0.0,0.0,0.0,0.0,
UndertakerUltiProjectile,3000.0,400.0,,0.0,0.0,0.0,0.0,True,True,True,True,True,True,0.0,0.0,0,True,0.0,0.0,0.0,0.0,0.0,0.0,0.0,0.0,0.0,0.0,True,0,0,0.0,0.0,True,0.0,0.0,0.0,0.0,
UndertakerOverchargedUltiProjectile,3500.0,400.0,,0.0,0.0,0.0,0.0,True,True,True,True,True,True,0.0,0.0,0,True,0.0,0.0,0.0,0.0,0.0,0.0,0.0,0.0,0.0,0.0,True,0,0,0.0,0.0,True,0.0,0.0,0.0,0.0,
UndertakerOverchargedUltiProjectileReturn,3500.0,400.0,,0.0,0.0,0.0,0.0,True,True,True,True,True,True,0.0,0.0,0,True,0.0,0.0,0.0,0.0,0.0,0.0,0.0,0.0,0.0,0.0,True,0,0,0.0,0.0,True,0.0,0.0,0.0,0.0,
CrowProjectile,3261.0,50.0,,0.0,0.0,0.0,0.0,True,True,True,True,True,True,0.0,0.0,0,True,0.0,0.0,0.0,0.0,0.0,0.0,0.0,0.0,0.0,0.0,True,0,0,0.0,0.0,True,0.0,0.0,0.0,0.0,
CrowUltiProjectile,3261.0,50.0,,0.0,0.0,0.0,0.0,True,True,True,True,True,True,0.0,0.0,0,True,0.0,0.0,0.0,0.0,0.0,0.0,0.0,0.0,0.0,0.0,True,0,0,0.0,0.0,True,0.0,0.0,0.0,0.0,
DeadMariachiProjectile,2500.0,150.0,,0.0,0.0,0.0,0.0,True,True,True,True,True,True,0.0,0.0,0,True,0.0,0.0,0.0,0.0,0.0,0.0,0.0,0.0,0.0,0.0,True,0,0,0.0,0.0,True,0.0,0.0,0.0,0.0,
DeadMariachiUltiProjectile,5000.0,400.0,,0.0,0.0,0.0,0.0,True,True,True,True,True,True,0.0,0.0,0,True,0.0,0.0,0.0,0.0,0.0,0.0,0.0,0.0,0.0,0.0,True,0,0,0.0,0.0,True,0.0,0.0,0.0,0.0,
DeadMariachiOverchargedUltiProjectile,5000.0,400.0,,0.0,0.0,0.0,0.0,True,True,True,True,True,True,0.0,0.0,0,True,0.0,0.0,0.0,0.0,0.0,0.0,0.0,0.0,0.0,0.0,True,0,0,0.0,0.0,True,0.0,0.0,0.0,0.0,
BowDudeSpawnMineProjectile,2391.0,0.0,,0.0,0.0,405.0,0.0,True,True,True,True,True,True,0.0,0.0,0,True,0.0,0.0,0.0,0.0,0.0,0.0,0.0,0.0,0.0,0.0,True,0,0,0.0,0.0,True,0.0,0.0,0.0,0.0,
BowDudeProjectile,2800.0,70.0,,0.0,0.0,0.0,0.0,True,True,True,True,True,True,0.0,0.0,0,True,0.0,0.0,0.0,0.0,0.0,0.0,0.0,0.0,0.0,0.0,True,0,0,0.0,0.0,True,0.0,0.0,0.0,0.0,
SniperProjectile,4000.0,101.0,,0.0,0.0,0.0,0.0,True,True,True,True,True,True,0.0,0.0,0,True,20.0,100.0,0.0,850.0,0.0,0.0,0.0,0.0,0.0,0.0,True,0,0,0.0,0.0,True,0.0,0.0,0.0,0.0,
MinigunDudeProjectile,4130.0,50.0,,0.0,0.0,0.0,0.0,True,True,True,True,True,True,0.0,0.0,0,True,0.0,0.0,0.0,0.0,0.0,0.0,0.0,0.0,0.0,0.0,True,0,0,0.0,0.0,True,0.0,0.0,0.0,0.0,
MinigunDudeUltiProjectile,1196.0,0.0,,0.0,0.0,170.0,0.0,True,True,True,True,True,True,0.0,0.0,0,True,0.0,0.0,0.0,0.0,0.0,0.0,0.0,0.0,0.0,0.0,True,0,0,0.0,0.0,True,0.0,0.0,0.0,0.0,
PrimoDefProjectile,3261.0,150.0,,0.0,0.0,0.0,0.0,True,True,True,True,True,True,0.0,0.0,0,True,0.0,0.0,0.0,0.0,0.0,0.0,0.0,0.0,0.0,0.0,True,0,0,0.0,0.0,True,0.0,0.0,0.0,0.0,
BlackHoleProjectile,3152.0,100.0,,0.0,0.0,0.0,0.0,True,True,True,True,True,True,0.0,0.0,0,True,0.0,0.0,0.0,0.0,0.0,0.0,0.0,0.0,0.0,0.0,True,0,0,0.0,0.0,True,0.0,0.0,0.0,0.0,
BlackHoleUltiProjectile,1522.0,0.0,,0.0,0.0,200.0,0.0,True,True,True,True,True,True,0.0,0.0,0,True,0.0,0.0,0.0,0.0,0.0,0.0,0.0,0.0,0.0,0.0,True,0,0,0.0,0.0,True,0.0,0.0,0.0,0.0,
BarrelBotProjectile,4000.0,0.0,,0.0,0.0,0.0,0.0,True,True,True,True,True,True,0.0,0.0,0,True,0.0,0.0,0.0,0.0,0.0,0.0,0.0,0.0,0.0,0.0,True,0,0,0.0,0.0,True,0.0,0.0,0.0,0.0,
BarrelBotOverchargedProjectile,4000.0,0.0,,0.0,0.0,0.0,0.0,True,True,True,True,True,True,0.0,0.0,0,True,0.0,0.0,0.0,0.0,0.0,0.0,0.0,0.0,0.0,0.0,True,0,0,0.0,0.0,True,0.0,0.0,0.0,0.0,
ArtilleryDudeProjectile,3400.0,150.0,,0.0,0.0,0.0,0.0,True,True,True,True,True,True,0.0,0.0,0,True,0.0,0.0,0.0,0.0,0.0,0.0,0.0,0.0,0.0,0.0,True,3,0,20.0,16.0,True,0.0,0.0,0.0,0.0,
ArtilleryDudeProjectile2,2500.0,101.0,,0.0,0.0,0.0,0.0,True,True,True,True,True,True,0.0,0.0,0,True,75.0,75.0,0.0,1000.0,0.0,0.0,0.0,0.0,0.0,0.0,True,0,0,0.0,0.0,True,0.0,0.0,0.0,0.0,
ArtilleryDudeUltiProjectile,1196.0,0.0,,0.0,0.0,139.0,0.0,True,True,True,True,True,True,0.0,0.0,0,True,0.0,0.0,0.0,0.0,0.0,0.0,0.0,0.0,0.0,0.0,True,0,0,0.0,0.0,True,0.0,0.0,0.0,0.0,
ArtilleryDudeTurretProjectile,750.0,0.0,,0.0,0.0,90.0,1200.0,True,True,True,True,True,True,0.0,0.0,0,True,0.0,0.0,0.0,0.0,0.0,0.0,0.0,0.0,0.0,0.0,True,0,0,0.0,0.0,True,0.0,0.0,0.0,0.0,
ArtilleryDudeOverchargedUltiProjectile,1196.0,0.0,,0.0,0.0,139.0,0.0,True,True,True,True,True,True,0.0,0.0,0,True,0.0,0.0,0.0,0.0,0.0,0.0,0.0,0.0,0.0,0.0,True,0,0,0.0,0.0,True,0.0,0.0,0.0,0.0,
ArtilleryDudeOverchargedTurretProjectile,750.0,0.0,,0.0,0.0,90.0,1200.0,True,True,True,True,True,True,0.0,0.0,0,True,0.0,0.0,0.0,0.0,0.0,0.0,0.0,0.0,0.0,0.0,True,0,0,0.0,0.0,True,0.0,0.0,0.0,0.0,
ShotgunGirlPetProjectile,2826.0,0.0,,0.0,0.0,0.0,0.0,True,True,True,True,True,True,0.0,0.0,0,True,0.0,0.0,0.0,0.0,0.0,0.0,0.0,0.0,0.0,0.0,True,0,0,0.0,0.0,True,0.0,0.0,0.0,0.0,
BlackHolePetProjectile,3152.0,50.0,,0.0,0.0,0.0,0.0,True,True,True,True,True,True,0.0,0.0,0,True,0.0,0.0,0.0,0.0,0.0,0.0,0.0,0.0,0.0,0.0,True,0,0,0.0,0.0,True,0.0,0.0,0.0,0.0,
HammerDudeProjectile,5000.0,150.0,,0.0,0.0,0.0,0.0,True,True,True,True,True,True,0.0,0.0,0,True,0.0,0.0,0.0,0.0,0.0,0.0,0.0,0.0,0.0,0.0,True,0,0,0.0,0.0,True,0.0,0.0,0.0,0.0,
HammerDudeUltiProjectile,6000.0,250.0,,0.0,0.0,0.0,0.0,True,True,True,True,True,True,0.0,0.0,0,True,0.0,0.0,0.0,0.0,0.0,0.0,0.0,2000.0,0.0,0.0,True,0,0,0.0,0.0,True,0.0,0.0,0.0,0.0,
HookProjectile,3200.0,150.0,,0.0,0.0,0.0,0.0,True,True,True,True,True,True,0.0,0.0,0,True,0.0,0.0,0.0,0.0,0.0,0.0,0.0,0.0,0.0,0.0,True,6,0,40.0,17.0,True,0.0,0.0,0.0,0.0,
HookProjectile2,3200.0,101.0,,0.0,0.0,0.0,0.0,True,True,True,True,True,True,0.0,0.0,0,True,0.0,0.0,0.0,0.0,0.0,0.0,0.0,0.0,0.0,0.0,True,0,0,0.0,0.0,True,0.0,0.0,0.0,0.0,
HookUltiProjectile,3200.0,200.0,,0.0,0.0,0.0,0.0,True,True,True,True,True,True,0.0,0.0,0,True,0.0,0.0,0.0,0.0,0.0,0.0,0.0,0.0,0.0,0.0,True,0,0,0.0,0.0,True,0.0,0.0,0.0,0.0,
HookUltiProjectile2,2000.0,200.0,,0.0,0.0,0.0,0.0,True,True,True,True,True,True,0.0,0.0,0,True,0.0,0.0,0.0,0.0,0.0,0.0,0.0,0.0,0.0,0.0,True,0,0,0.0,0.0,True,0.0,0.0,0.0,0.0,
ClusterBombProjectile,450.0,0.0,,0.0,0.0,25.0,0.0,True,True,True,True,True,True,0.0,0.0,0,True,0.0,0.0,0.0,0.0,0.0,0.0,0.0,0.0,0.0,0.0,True,0,0,0.0,0.0,True,0.0,0.0,0.0,0.0,
ClusterBombProjectile2,2000.0,0.0,,0.0,0.0,200.0,0.0,True,True,True,True,True,True,0.0,0.0,0,True,0.0,0.0,0.0,0.0,0.0,0.0,0.0,0.0,0.0,0.0,True,0,0,0.0,0.0,True,0.0,0.0,0.0,0.0,
ClusterBombSummonProjectile,1196.0,0.0,,0.0,0.0,170.0,0.0,True,True,True,True,True,True,0.0,0.0,0,True,0.0,0.0,0.0,0.0,0.0,0.0,0.0,0.0,0.0,0.0,True,0,0,0.0,0.0,True,0.0,0.0,0.0,0.0,
ArcadeProjectile,4500.0,50.0,,0.0,0.0,0.0,0.0,True,True,True,True,True,True,0.0,0.0,0,True,0.0,0.0,0.0,0.0,0.0,0.0,0.0,0.0,0.0,0.0,True,0,0,0.0,0.0,True,0.0,0.0,0.0,0.0,
ArcadeUltiProjectile,1196.0,0.0,,0.0,0.0,170.0,0.0,True,True,True,True,True,True,0.0,0.0,0,True,0.0,0.0,0.0,0.0,0.0,0.0,0.0,0.0,0.0,0.0,True,0,0,0.0,0.0,True,0.0,0.0,0.0,0.0,
LeonDefProjectile,3500.0,100.0,,0.0,0.0,0.0,0.0,True,True,True,True,True,True,0.0,0.0,0,True,100.0,35.0,150.0,1000.0,0.0,0.0,0.0,0.0,0.0,0.0,True,0,0,0.0,0.0,True,0.0,0.0,0.0,0.0,
LeonDefProjectileMutation,2000.0,100.0,,0.0,0.0,0.0,0.0,True,True,True,True,True,True,0.0,0.0,0,True,100.0,35.0,150.0,1000.0,0.0,0.0,0.0,0.0,0.0,0.0,True,0,0,0.0,0.0,True,0.0,0.0,0.0,0.0,
RosaProjectile,5000.0,150.0,,0.0,0.0,0.0,0.0,True,True,True,True,True,True,0.0,0.0,0,True,0.0,0.0,0.0,0.0,0.0,0.0,0.0,0.0,0.0,0.0,True,0,0,0.0,0.0,True,0.0,0.0,0.0,0.0,
CoopRangedEnemyProjectile,4000.0,100.0,,0.0,0.0,0.0,0.0,True,True,True,True,True,True,0.0,0.0,0,True,0.0,0.0,0.0,0.0,0.0,0.0,0.0,0.0,0.0,0.0,True,0,0,0.0,0.0,True,0.0,0.0,0.0,0.0,
BossProjectile,3000.0,150.0,,0.0,0.0,0.0,0.0,True,True,True,True,True,True,0.0,0.0,0,True,0.0,0.0,0.0,0.0,0.0,0.0,0.0,0.0,0.0,0.0,True,0,0,0.0,0.0,True,0.0,0.0,0.0,0.0,
RaidBossRangedEnemyProjectile,4000.0,100.0,,0.0,0.0,0.0,0.0,True,True,True,True,True,True,0.0,0.0,0,True,0.0,0.0,0.0,0.0,0.0,0.0,0.0,0.0,0.0,0.0,True,0,0,0.0,0.0,True,0.0,0.0,0.0,0.0,
RaidBossProjectileRed,5000.0,150.0,,0.0,0.0,0.0,0.0,True,True,True,True,True,True,0.0,0.0,0,True,0.0,0.0,0.0,0.0,0.0,0.0,0.0,0.0,0.0,0.0,True,0,0,0.0,0.0,True,0.0,0.0,0.0,0.0,
RaidBossProjectileRedDestroyEnv,5000.0,150.0,,0.0,0.0,0.0,0.0,True,True,True,True,True,True,0.0,0.0,0,True,0.0,0.0,0.0,0.0,0.0,0.0,0.0,0.0,0.0,0.0,True,0,0,0.0,0.0,True,0.0,0.0,0.0,0.0,
RaidBossProjectileGold,5000.0,150.0,,0.0,0.0,0.0,0.0,True,True,True,True,True,True,0.0,0.0,0,True,0.0,0.0,0.0,0.0,0.0,0.0,0.0,0.0,0.0,0.0,True,0,0,0.0,0.0,True,0.0,0.0,0.0,0.0,
RaidBossRocketProjectile,480.0,0.0,,0.0,0.0,20.0,0.0,True,True,True,True,True,True,0.0,0.0,0,True,0.0,0.0,0.0,0.0,0.0,0.0,0.0,0.0,0.0,0.0,True,0,0,0.0,0.0,True,0.0,0.0,0.0,0.0,
ShamanStarPowerProjectile,3000.0,0.0,,0.0,0.0,0.0,0.0,True,True,True,True,True,True,0.0,0.0,0,True,0.0,0.0,0.0,0.0,0.0,0.0,0.0,0.0,0.0,0.0,True,0,0,0.0,0.0,True,0.0,0.0,0.0,0.0,
UndertakerStarPowerProjectile,3000.0,0.0,,0.0,0.0,0.0,0.0,True,True,True,True,True,True,0.0,0.0,0,True,0.0,0.0,0.0,0.0,0.0,0.0,0.0,0.0,0.0,0.0,True,0,0,0.0,0.0,True,0.0,0.0,0.0,0.0,
HammerDudeStarPowerProjectile,3000.0,0.0,,0.0,0.0,0.0,0.0,True,True,True,True,True,True,0.0,0.0,0,True,0.0,0.0,0.0,0.0,0.0,0.0,0.0,0.0,0.0,0.0,True,0,0,0.0,0.0,True,0.0,0.0,0.0,0.0,
RoboWarsBaseProjectile,6000.0,0.0,,0.0,0.0,1900.0,0.0,True,True,True,True,True,True,0.0,0.0,0,True,0.0,0.0,0.0,0.0,0.0,0.0,0.0,0.0,0.0,0.0,True,0,0,0.0,0.0,True,0.0,0.0,0.0,0.0,
WhirlwindProjectile,3000.0,250.0,,0.0,0.0,0.0,0.0,True,True,True,True,True,True,0.0,0.0,0,True,0.0,0.0,0.0,0.0,0.0,0.0,0.0,0.0,0.0,0.0,True,0,0,0.0,0.0,True,0.0,0.0,0.0,0.0,
WhirlwindProjectile2,3000.0,250.0,,0.0,0.0,0.0,0.0,True,True,True,True,True,True,0.0,0.0,0,True,0.0,0.0,0.0,0.0,0.0,0.0,0.0,0.0,0.0,0.0,True,0,0,0.0,0.0,True,0.0,0.0,0.0,0.0,
BaseballUltiProjectile,3000.0,250.0,,0.0,0.0,0.0,0.0,True,True,True,True,True,True,0.0,0.0,0,True,0.0,0.0,0.0,0.0,10.0,0.0,0.0,0.0,0.0,0.0,True,0,0,0.0,0.0,True,0.0,0.0,0.0,0.0,
BaseballOverchargedUltiProjectile,3000.0,250.0,,0.0,0.0,0.0,0.0,True,True,True,True,True,True,0.0,0.0,0,True,0.0,0.0,0.0,0.0,10.0,0.0,0.0,0.0,0.0,0.0,True,2,0,20.0,100.0,True,0.0,0.0,0.0,0.0,
BaseballOverchargedUltiProjectileChain,3000.0,250.0,,0.0,0.0,0.0,0.0,True,True,True,True,True,True,0.0,0.0,0,True,0.0,0.0,0.0,0.0,10.0,0.0,0.0,0.0,0.0,0.0,True,0,0,0.0,0.0,True,0.0,0.0,0.0,0.0,
TurretElecProj,3478.0,0.0,,0.0,0.0,0.0,0.0,True,True,True,True,True,True,0.0,0.0,0,True,0.0,0.0,0.0,0.0,0.0,0.0,0.0,0.0,0.0,0.0,True,0,0,0.0,14.0,True,0.0,0.0,0.0,0.0,
TurretElecProj2,2000.0,0.0,,0.0,0.0,0.0,0.0,True,True,True,True,True,True,0.0,0.0,0,True,0.0,0.0,0.0,0.0,0.0,0.0,0.0,0.0,0.0,0.0,True,0,0,0.0,14.0,True,0.0,0.0,0.0,-100.0,
TurretElecProj3,2000.0,0.0,,0.0,0.0,0.0,0.0,True,True,True,True,True,True,0.0,0.0,0,True,0.0,0.0,0.0,0.0,0.0,0.0,0.0,0.0,0.0,0.0,True,0,0,0.0,0.0,True,0.0,0.0,0.0,-100.0,
BlackHolePet2Projectile,3000.0,0.0,,0.0,0.0,0.0,0.0,True,True,True,True,True,True,0.0,0.0,0,True,0.0,0.0,0.0,0.0,0.0,0.0,0.0,0.0,0.0,0.0,True,0,0,0.0,0.0,True,0.0,0.0,0.0,0.0,
BeeSniperProjectile,3255.0,150.0,,0.0,0.0,0.0,0.0,True,True,True,True,True,True,0.0,0.0,0,True,0.0,0.0,0.0,0.0,0.0,0.0,0.0,0.0,0.0,0.0,True,0,0,0.0,0.0,True,0.0,0.0,0.0,0.0,
BeeSniperChargedProjectile,3255.0,150.0,,0.0,0.0,0.0,0.0,True,True,True,True,True,True,0.0,0.0,0,True,0.0,0.0,0.0,0.0,0.0,0.0,0.0,0.0,0.0,0.0,True,0,0,0.0,0.0,True,0.0,0.0,0.0,0.0,
BeeSniperUltiProjectile,2500.0,150.0,3,0.0,0.0,0.0,0.0,True,True,True,True,True,True,0.0,0.0,0,True,0.0,0.0,0.0,0.0,0.0,350.0,3000.0,0.0,0.0,0.0,True,0,0,0.0,0.0,True,0.0,0.0,0.0,0.0,
BeeProjectile,4000.0,0.0,,0.0,0.0,0.0,0.0,True,True,True,True,True,True,0.0,0.0,0,True,0.0,0.0,0.0,0.0,0.0,0.0,0.0,0.0,0.0,0.0,True,0,0,0.0,0.0,True,0.0,0.0,0.0,0.0,
SandstormProjectile,3500.0,200.0,,0.0,0.0,0.0,0.0,True,True,True,True,True,True,0.0,0.0,0,True,0.0,0.0,0.0,0.0,0.0,0.0,0.0,0.0,0.0,0.0,True,0,0,0.0,0.0,True,0.0,0.0,0.0,0.0,
SandstormUltiProjectile,2000.0,0.0,,0.0,0.0,300.0,0.0,True,True,True,True,True,True,0.0,0.0,0,True,0.0,0.0,0.0,0.0,0.0,0.0,0.0,0.0,0.0,0.0,True,0,0,0.0,0.0,True,0.0,0.0,0.0,0.0,
MummyProjectile,1500.0,200.0,1,0.0,0.0,0.0,0.0,True,True,True,True,True,True,0.0,0.0,0,True,0.0,0.0,0.0,0.0,7.0,0.0,0.0,0.0,0.0,0.0,True,0,0,0.0,0.0,True,0.0,0.0,0.0,0.0,
BossRaceBossProjectile,5000.0,150.0,,0.0,0.0,0.0,0.0,True,True,True,True,True,True,0.0,0.0,0,True,0.0,0.0,0.0,0.0,0.0,0.0,0.0,0.0,0.0,0.0,True,0,0,0.0,0.0,True,0.0,0.0,0.0,0.0,
BossRaceBossLightningProjectile1,3500.0,250.0,,0.0,0.0,0.0,0.0,True,True,True,True,True,True,0.0,0.0,0,True,0.0,0.0,0.0,0.0,0.0,0.0,0.0,0.0,0.0,0.0,True,0,0,0.0,40.0,True,0.0,0.0,0.0,0.0,
BossRaceBossLightningProjectile2,2700.0,250.0,,0.0,0.0,0.0,0.0,True,True,True,True,True,True,0.0,0.0,0,True,0.0,0.0,0.0,0.0,0.0,0.0,0.0,0.0,0.0,0.0,True,0,0,0.0,40.0,True,0.0,0.0,0.0,0.0,
BossRaceBossLightningProjectile3,2700.0,250.0,,0.0,0.0,0.0,0.0,True,True,True,True,True,True,0.0,0.0,0,True,0.0,0.0,0.0,0.0,0.0,0.0,0.0,0.0,0.0,0.0,True,0,0,0.0,0.0,True,0.0,0.0,0.0,0.0,
BossRaceBossRocketProjectile,400.0,0.0,,0.0,0.0,10.0,0.0,True,True,True,True,True,True,0.0,0.0,0,True,0.0,0.0,0.0,0.0,0.0,0.0,0.0,0.0,0.0,0.0,True,0,0,0.0,0.0,True,0.0,0.0,0.0,0.0,
SpawnerDudeProjectile,3000.0,200.0,,0.0,0.0,0.0,0.0,True,True,True,True,True,True,0.0,0.0,0,True,0.0,0.0,0.0,0.0,0.0,0.0,0.0,0.0,0.0,0.0,True,1,0,0.0,10.0,True,0.0,0.0,0.0,0.0,
SpawnerDudeIndirectProjectile,1000.0,0.0,,0.0,0.0,400.0,0.0,True,True,True,True,True,True,35.0,0.0,0,True,0.0,0.0,0.0,0.0,0.0,0.0,0.0,0.0,0.0,0.0,True,0,0,0.0,0.0,True,0.0,0.0,0.0,0.0,
SpawnerDudeUltiProjectile,1196.0,0.0,,0.0,0.0,139.0,0.0,True,True,True,True,True,True,0.0,0.0,0,True,0.0,0.0,0.0,0.0,0.0,0.0,0.0,0.0,0.0,0.0,True,0,0,0.0,0.0,True,0.0,0.0,0.0,0.0,
SpeedyProjectile,4000.0,50.0,,0.0,0.0,0.0,0.0,True,True,True,True,True,True,0.0,0.0,0,True,0.0,0.0,0.0,0.0,0.0,0.0,0.0,0.0,0.0,0.0,True,0,0,0.0,0.0,True,0.0,0.0,0.0,0.0,
4797e4b59a7db4da9abe783a7e1ab7aa704e76d9,4130.0,50.0,,0.0,0.0,0.0,0.0,True,True,True,True,True,True,0.0,0.0,0,True,0.0,0.0,0.0,0.0,0.0,0.0,0.0,0.0,0.0,0.0,True,0,0,0.0,0.0,True,0.0,0.0,0.0,0.0,
7e1d9dd07b134c1939b99ad5f462ed84c0b98a49,4130.0,50.0,,0.0,0.0,0.0,0.0,True,True,True,True,True,True,0.0,0.0,0,True,0.0,0.0,0.0,0.0,0.0,0.0,0.0,0.0,0.0,0.0,True,0,0,0.0,0.0,True,0.0,0.0,0.0,0.0,
DummyProjectileForCTF,2499.0,0.0,,0.0,0.0,700.0,0.0,True,True,True,True,True,True,0.0,0.0,0,True,0.0,0.0,0.0,0.0,0.0,0.0,0.0,0.0,0.0,0.0,True,0,0,0.0,0.0,True,0.0,0.0,0.0,0.0,
DummyProjectileForBasketBrawl,1000.0,0.0,,0.0,0.0,100.0,0.0,True,True,True,True,True,True,0.0,0.0,0,True,0.0,0.0,0.0,0.0,0.0,0.0,0.0,0.0,0.0,0.0,True,0,0,0.0,0.0,True,0.0,0.0,0.0,0.0,
SpawnerPetProjectile,2500.0,100.0,,0.0,0.0,0.0,0.0,True,True,True,True,True,True,0.0,0.0,0,True,0.0,0.0,0.0,0.0,0.0,0.0,0.0,0.0,0.0,0.0,True,0,0,0.0,0.0,True,0.0,0.0,0.0,0.0,
SpawnerOverchargedPetProjectile,2500.0,100.0,,0.0,0.0,0.0,0.0,True,True,True,True,True,True,0.0,0.0,0,True,0.0,0.0,0.0,0.0,0.0,0.0,0.0,0.0,0.0,0.0,True,0,0,0.0,0.0,True,0.0,0.0,0.0,0.0,
BlowerProjectile,3000.0,50.0,,0.0,0.0,0.0,0.0,True,True,True,True,True,True,0.0,0.0,0,True,0.0,0.0,0.0,0.0,0.0,0.0,0.0,0.0,0.0,0.0,True,0,0,0.0,0.0,True,0.0,0.0,0.0,0.0,
BlowerUltiProjectile,5000.0,150.0,,0.0,0.0,0.0,0.0,True,True,True,True,True,True,0.0,0.0,0,True,0.0,0.0,0.0,0.0,0.0,0.0,0.0,0.0,0.0,0.0,True,0,0,0.0,0.0,True,0.0,0.0,0.0,0.0,
WallyProjectile,1700.0,50.0,,0.0,0.0,300.0,0.0,True,True,True,True,True,True,0.0,0.0,0,True,0.0,0.0,0.0,0.0,0.0,0.0,0.0,0.0,0.0,0.0,True,1,0,0.0,10.0,True,0.0,0.0,0.0,0.0,
WallySecondaryProjectile,1700.0,151.0,,0.0,0.0,300.0,0.0,True,True,True,True,True,True,20.0,500.0,2,True,0.0,0.0,0.0,0.0,0.0,0.0,0.0,0.0,0.0,0.0,True,0,0,0.0,0.0,True,0.0,0.0,0.0,0.0,
WallyUltiProjectile,1739.0,0.0,,0.0,0.0,240.0,0.0,True,True,True,True,True,True,0.0,0.0,0,True,0.0,0.0,0.0,0.0,0.0,0.0,0.0,0.0,0.0,0.0,True,0,0,0.0,0.0,True,0.0,0.0,0.0,0.0,
WallyOverchargedUltiProjectile,1739.0,0.0,,0.0,0.0,240.0,0.0,True,True,True,True,True,True,0.0,0.0,0,True,0.0,0.0,0.0,0.0,0.0,0.0,0.0,0.0,0.0,0.0,True,0,0,0.0,0.0,True,0.0,0.0,0.0,0.0,
BarrelBotSpinProjectile,3044.0,100.0,,0.0,0.0,0.0,0.0,True,True,True,True,True,True,0.0,0.0,0,True,0.0,0.0,0.0,0.0,0.0,0.0,0.0,0.0,0.0,0.0,True,0,0,0.0,0.0,True,0.0,0.0,0.0,0.0,
PiperHandgunProjectile,4000.0,50.0,,0.0,0.0,0.0,0.0,True,True,True,True,True,True,0.0,0.0,0,True,0.0,0.0,0.0,0.0,0.0,0.0,0.0,0.0,0.0,0.0,True,0,0,0.0,0.0,True,0.0,0.0,0.0,0.0,
ControllerUltiProjectile,2500.0,150.0,5,0.0,0.0,0.0,0.0,True,True,True,True,True,True,0.0,0.0,0,True,0.0,0.0,0.0,0.0,0.0,0.0,0.0,0.0,0.0,0.0,True,0,0,0.0,0.0,True,7.0,10.0,200.0,0.0,
ControllerUltiOverchargedProjectile,2500.0,150.0,5,0.0,0.0,0.0,0.0,True,True,True,True,True,True,0.0,0.0,0,True,0.0,0.0,0.0,0.0,0.0,0.0,0.0,0.0,0.0,0.0,True,0,0,0.0,0.0,True,7.0,10.0,200.0,0.0,
ControllerProjectile,4000.0,40.0,6,0.0,0.0,0.0,0.0,True,True,True,True,True,True,0.0,0.0,0,True,0.0,0.0,0.0,0.0,0.0,0.0,0.0,0.0,0.0,0.0,True,0,0,0.0,0.0,True,0.0,0.0,0.0,0.0,
CactusSpikeGadget,2500.0,50.0,,0.0,0.0,0.0,0.0,True,True,True,True,True,True,0.0,0.0,0,True,0.0,0.0,0.0,0.0,0.0,0.0,0.0,0.0,0.0,0.0,True,0,0,0.0,0.0,True,0.0,0.0,0.0,0.0,
TrickshotDudeGadgetProjectile,4891.0,101.0,,0.0,0.0,0.0,0.0,True,True,True,True,True,True,0.0,500.0,6,True,0.0,0.0,0.0,0.0,0.0,0.0,0.0,0.0,0.0,0.0,True,0,0,0.0,0.0,True,0.0,0.0,0.0,0.0,
PowerLevelerProjectile,3500.0,150.0,7,0.0,0.0,0.0,0.0,True,True,True,True,True,True,0.0,0.0,0,True,0.0,0.0,0.0,0.0,0.0,0.0,0.0,0.0,0.0,0.0,True,2,0,0.0,12.0,True,0.0,0.0,0.0,0.0,
PowerLevelerProjectile2,3000.0,150.0,,0.0,0.0,0.0,0.0,True,True,True,True,True,True,0.0,0.0,0,True,0.0,0.0,0.0,0.0,0.0,0.0,0.0,0.0,0.0,0.0,True,0,0,0.0,0.0,True,0.0,0.0,0.0,0.0,
PowerLevelerOverchargedProjectile,3500.0,150.0,7,0.0,0.0,0.0,0.0,True,True,True,True,True,True,0.0,0.0,0,True,0.0,0.0,0.0,0.0,0.0,0.0,0.0,0.0,0.0,0.0,True,2,0,0.0,12.0,True,0.0,0.0,0.0,0.0,
PowerLevelerOverchargedProjectile2,3000.0,150.0,,0.0,0.0,0.0,0.0,True,True,True,True,True,True,0.0,0.0,0,True,0.0,0.0,0.0,0.0,0.0,0.0,0.0,0.0,0.0,0.0,True,0,0,0.0,0.0,True,0.0,0.0,0.0,0.0,
RaidBossTCBasicAttackProjectile,2500.0,200.0,,0.0,0.0,0.0,0.0,True,True,True,True,True,True,0.0,0.0,0,True,0.0,0.0,0.0,0.0,0.0,0.0,0.0,0.0,0.0,0.0,True,0,0,0.0,0.0,True,0.0,0.0,0.0,0.0,
BarkeepHealingProjectile,1000.0,0.0,,0.0,0.0,150.0,0.0,True,True,True,True,True,True,0.0,0.0,0,True,0.0,0.0,0.0,0.0,0.0,0.0,0.0,0.0,0.0,0.0,True,0,0,0.0,0.0,True,0.0,0.0,0.0,0.0,
SniperHomingProjectile,4000.0,101.0,4,0.0,0.0,0.0,0.0,True,True,True,True,True,True,0.0,0.0,0,True,25.0,100.0,0.0,850.0,0.0,0.0,0.0,0.0,0.0,0.0,True,0,0,0.0,0.0,True,2.0,7.0,17.0,0.0,
PercenterProjectile,4000.0,150.0,,0.0,0.0,0.0,0.0,True,True,True,True,True,True,0.0,0.0,0,True,0.0,0.0,0.0,0.0,0.0,0.0,0.0,0.0,0.0,0.0,True,0,0,0.0,0.0,True,0.0,0.0,0.0,0.0,
FireDudeProjectile,3500.0,200.0,,0.0,0.0,0.0,0.0,True,True,True,True,True,True,0.0,0.0,0,True,0.0,0.0,0.0,0.0,0.0,0.0,0.0,0.0,0.0,0.0,True,0,0,0.0,0.0,True,0.0,0.0,0.0,0.0,
FireDudeUltiProjectile,1750.0,0.0,,0.0,0.0,240.0,0.0,True,True,True,True,True,True,0.0,0.0,0,True,0.0,0.0,0.0,0.0,0.0,0.0,0.0,0.0,0.0,0.0,True,0,0,0.0,0.0,True,0.0,0.0,0.0,0.0,
FireDudeOverchargedUltiProjectile,1750.0,0.0,,0.0,0.0,240.0,0.0,True,True,True,True,True,True,0.0,0.0,0,True,0.0,0.0,0.0,0.0,0.0,0.0,0.0,0.0,0.0,0.0,True,0,0,0.0,0.0,True,0.0,0.0,0.0,0.0,
ArcadeStarPowerProjectile,3600.0,0.0,,0.0,0.0,0.0,0.0,True,True,True,True,True,True,0.0,0.0,0,True,0.0,0.0,0.0,0.0,0.0,0.0,0.0,0.0,0.0,0.0,True,0,0,0.0,0.0,True,0.0,0.0,0.0,0.0,
BeeSniperCirclingProjectile,560.0,200.0,8,0.0,0.0,0.0,0.0,True,True,True,True,True,True,0.0,0.0,0,True,35.0,100.0,0.0,850.0,0.0,0.0,0.0,0.0,0.0,0.0,True,0,0,0.0,0.0,True,0.0,0.0,97.0,0.0,
RocketGirlGadgetProjectile,3500.0,150.0,,0.0,0.0,0.0,0.0,True,True,True,True,True,True,0.0,0.0,0,True,0.0,0.0,0.0,0.0,0.0,0.0,0.0,0.0,0.0,0.0,True,0,0,0.0,0.0,True,0.0,0.0,0.0,0.0,
GunslingerBigProjectile,3804.0,100.0,,0.0,0.0,0.0,0.0,True,True,True,True,True,True,0.0,0.0,0,True,0.0,0.0,0.0,0.0,0.0,0.0,0.0,0.0,0.0,0.0,True,0,0,0.0,0.0,True,0.0,0.0,0.0,0.0,
IceDudeUltiProjectile,1739.0,0.0,,0.0,0.0,240.0,0.0,True,True,True,True,True,True,0.0,0.0,0,True,0.0,0.0,0.0,0.0,0.0,0.0,0.0,0.0,0.0,0.0,True,0,0,0.0,0.0,True,0.0,0.0,0.0,0.0,
IceDudeOverchargedUltiProjectile,1739.0,0.0,,0.0,0.0,240.0,0.0,True,True,True,True,True,True,0.0,0.0,0,True,0.0,0.0,0.0,0.0,0.0,0.0,0.0,0.0,0.0,0.0,True,0,0,0.0,0.0,True,0.0,0.0,0.0,0.0,
IceDudeProjectile,4000.0,50.0,,0.0,0.0,0.0,0.0,True,True,True,True,True,True,0.0,0.0,0,True,0.0,0.0,0.0,0.0,0.0,0.0,0.0,0.0,143.0,0.0,True,0,0,0.0,0.0,True,0.0,0.0,0.0,0.0,
SnakeOilProjectile,4000.0,150.0,,0.0,0.0,0.0,0.0,True,True,True,True,True,True,0.0,0.0,0,True,0.0,0.0,0.0,0.0,0.0,0.0,0.0,0.0,0.0,0.0,True,0,0,0.0,0.0,True,0.0,0.0,0.0,0.0,
SnakeOilUltiProjectile,2000.0,0.0,,0.0,0.0,330.0,0.0,True,True,True,True,True,True,0.0,0.0,0,True,0.0,0.0,0.0,0.0,0.0,0.0,0.0,0.0,0.0,0.0,True,0,0,0.0,0.0,True,0.0,0.0,0.0,0.0,
SnakeOilHyperUltiProjectile,2000.0,0.0,,0.0,0.0,330.0,0.0,True,True,True,True,True,True,0.0,0.0,0,True,0.0,0.0,0.0,0.0,0.0,0.0,0.0,0.0,0.0,0.0,True,0,0,0.0,0.0,True,0.0,0.0,0.0,0.0,
SnakeOilHyperExplodedProjectile,2500.0,150.0,,0.0,0.0,0.0,0.0,True,True,True,True,True,True,0.0,0.0,0,True,0.0,0.0,0.0,0.0,0.0,0.0,0.0,0.0,0.0,0.0,True,0,0,0.0,0.0,True,0.0,0.0,0.0,0.0,
EnragerProjectile,3500.0,300.0,,0.0,0.0,0.0,0.0,True,True,True,True,True,True,0.0,0.0,0,True,0.0,0.0,0.0,0.0,0.0,0.0,0.0,0.0,0.0,0.0,True,0,0,0.0,0.0,True,0.0,0.0,0.0,0.0,
RuffsProjectile,3800.0,70.0,,0.0,0.0,0.0,0.0,True,True,True,True,True,True,0.0,500.0,1,True,0.0,0.0,0.0,0.0,0.0,0.0,0.0,0.0,0.0,0.0,True,0,0,0.0,0.0,True,0.0,0.0,0.0,0.0,
RuffsUltiProjectile,1700.0,0.0,,0.0,0.0,240.0,0.0,True,True,True,True,True,True,0.0,0.0,0,True,0.0,0.0,0.0,0.0,0.0,0.0,0.0,0.0,0.0,0.0,True,0,0,0.0,0.0,True,0.0,0.0,0.0,0.0,
RuffsOverchargedUltiProjectile,1700.0,0.0,,0.0,0.0,240.0,0.0,True,True,True,True,True,True,0.0,0.0,0,True,0.0,0.0,0.0,0.0,0.0,0.0,0.0,0.0,0.0,0.0,True,0,0,0.0,0.0,True,0.0,0.0,0.0,0.0,
GeneHomingProjectile,2500.0,50.0,9,0.0,0.0,1900.0,0.0,True,True,True,True,True,True,0.0,0.0,0,True,25.0,100.0,0.0,500.0,0.0,0.0,0.0,0.0,0.0,0.0,True,0,0,0.0,0.0,True,4.0,2.0,40.0,0.0,
NaniBounceProjectile,6000.0,0.0,,0.0,0.0,1900.0,0.0,True,True,True,True,True,True,0.0,0.0,0,True,0.0,0.0,0.0,0.0,0.0,0.0,0.0,0.0,0.0,0.0,True,0,0,0.0,0.0,True,0.0,0.0,0.0,0.0,
RollerProjectile,3300.0,150.0,,0.0,0.0,0.0,0.0,True,True,True,True,True,True,0.0,0.0,0,True,0.0,0.0,0.0,0.0,0.0,0.0,0.0,0.0,0.0,0.0,True,0,0,0.0,0.0,True,0.0,0.0,0.0,0.0,
ElectroSniperProjectile,4000.0,101.0,,0.0,0.0,0.0,0.0,True,True,True,True,True,True,0.0,0.0,0,True,0.0,0.0,0.0,0.0,0.0,0.0,0.0,0.0,0.0,0.0,True,0,0,0.0,0.0,True,0.0,0.0,0.0,0.0,
ElectroSniperSecondaryProjectile_001,4000.0,50.0,10,0.0,0.0,0.0,0.0,True,True,True,True,True,True,0.0,0.0,0,True,0.0,0.0,0.0,0.0,0.0,0.0,0.0,0.0,0.0,0.0,True,0,0,0.0,0.0,True,4.0,2.0,40.0,0.0,
ElectroSniperUltiProjectile,4000.0,150.0,,0.0,0.0,0.0,0.0,True,True,True,True,True,True,0.0,0.0,0,True,0.0,0.0,0.0,0.0,0.0,0.0,0.0,0.0,0.0,0.0,True,0,0,0.0,0.0,True,0.0,0.0,0.0,0.0,
ElectroSniperOverchargedUltiProjectile,4000.0,150.0,4,0.0,0.0,0.0,0.0,True,True,True,True,True,True,0.0,0.0,0,True,0.0,0.0,0.0,0.0,0.0,0.0,0.0,0.0,0.0,0.0,True,0,0,0.0,0.0,True,8.0,7.0,17.0,0.0,
StickyBombProjectile,4000.0,50.0,,0.0,0.0,0.0,0.0,True,True,True,True,True,True,0.0,0.0,0,True,0.0,0.0,0.0,0.0,0.0,0.0,0.0,0.0,0.0,0.0,True,0,0,0.0,0.0,True,0.0,0.0,0.0,0.0,
StickyBombUltiProjectile,800.0,0.0,,0.0,0.0,60.0,0.0,True,True,True,True,True,True,0.0,0.0,0,True,0.0,0.0,0.0,0.0,0.0,0.0,0.0,0.0,0.0,0.0,True,0,0,0.0,0.0,True,0.0,0.0,0.0,0.0,
StickyBombUltiProjectile2,3000.0,100.0,,0.0,0.0,0.0,0.0,True,True,True,True,True,True,0.0,0.0,0,True,0.0,0.0,0.0,0.0,0.0,0.0,0.0,0.0,0.0,0.0,True,0,0,0.0,0.0,True,0.0,0.0,0.0,0.0,
CrossBomberProjectile,840.0,0.0,,0.0,0.0,100.0,0.0,True,True,True,True,True,True,0.0,0.0,0,True,0.0,0.0,0.0,0.0,0.0,0.0,0.0,0.0,0.0,0.0,True,0,0,0.0,0.0,True,0.0,0.0,0.0,0.0,
CrossBomberProjectile2,3000.0,125.0,,0.0,0.0,0.0,0.0,True,True,True,True,True,True,0.0,0.0,0,True,0.0,0.0,0.0,0.0,0.0,0.0,0.0,0.0,0.0,0.0,True,0,0,0.0,0.0,True,0.0,0.0,0.0,0.0,
CrossBomberUltiProjectile,800.0,0.0,,0.0,0.0,75.0,0.0,True,True,True,True,True,True,0.0,0.0,0,True,0.0,0.0,0.0,0.0,0.0,0.0,0.0,0.0,0.0,0.0,True,0,0,0.0,0.0,True,0.0,0.0,0.0,0.0,
CrossBomberUltiProjectile2,3000.0,375.0,,0.0,0.0,0.0,0.0,True,True,True,True,True,True,0.0,0.0,0,True,0.0,0.0,0.0,0.0,0.0,0.0,0.0,0.0,0.0,0.0,True,0,0,0.0,0.0,True,0.0,0.0,0.0,0.0,
OverchargedCrossBomberUltiProjectile,800.0,0.0,,0.0,0.0,75.0,0.0,True,True,True,True,True,True,0.0,0.0,0,True,0.0,0.0,0.0,0.0,0.0,0.0,0.0,0.0,0.0,0.0,True,0,0,0.0,0.0,True,0.0,0.0,0.0,0.0,
OverchargedCrossBomberUltiProjectile2,3000.0,375.0,,0.0,0.0,0.0,0.0,True,True,True,True,True,True,0.0,0.0,0,True,0.0,0.0,0.0,0.0,0.0,0.0,0.0,0.0,0.0,0.0,True,0,0,0.0,0.0,True,0.0,0.0,0.0,0.0,
RopeDudeUltiProjectile,3500.0,150.0,,0.0,0.0,0.0,0.0,True,True,True,True,True,True,0.0,0.0,0,True,0.0,0.0,0.0,0.0,0.0,0.0,0.0,0.0,0.0,0.0,True,0,0,0.0,0.0,True,0.0,0.0,0.0,0.0,
RopeDudeOverchargedUltiProjectile,3500.0,150.0,,0.0,0.0,0.0,0.0,True,True,True,True,True,True,0.0,0.0,0,True,0.0,0.0,0.0,0.0,0.0,0.0,0.0,0.0,0.0,0.0,True,0,0,0.0,0.0,True,0.0,0.0,0.0,0.0,
RopeDudeProjectile,4000.0,250.0,,0.0,0.0,0.0,0.0,True,True,True,True,True,True,0.0,0.0,0,True,0.0,0.0,0.0,0.0,0.0,0.0,0.0,0.0,0.0,0.0,True,0,0,0.0,0.0,True,0.0,0.0,0.0,0.0,
AssaultShotgunProjectile,3100.0,50.0,,0.0,0.0,0.0,0.0,True,True,True,True,True,True,0.0,0.0,0,True,0.0,0.0,0.0,0.0,0.0,0.0,0.0,0.0,0.0,0.0,True,0,0,0.0,0.0,True,0.0,0.0,0.0,0.0,
AssaultShotgunUltiProjectile,3200.0,150.0,,0.0,0.0,0.0,0.0,True,True,True,True,True,True,0.0,0.0,0,True,50.0,100.0,200.0,900.0,0.0,0.0,0.0,0.0,0.0,0.0,True,0,0,0.0,0.0,True,0.0,0.0,0.0,0.0,
AssaultShotgunUltiProjectile2,3000.0,150.0,11,20.0,0.0,0.0,0.0,True,True,True,True,True,True,0.0,0.0,0,True,100.0,50.0,200.0,900.0,0.0,0.0,0.0,0.0,0.0,0.0,True,0,0,0.0,0.0,True,0.0,0.0,0.0,0.0,
AssaultShotgunGadgetProjectile,50.0,0.0,,0.0,0.0,100.0,0.0,True,True,True,True,True,True,35.0,0.0,0,True,0.0,0.0,0.0,0.0,0.0,0.0,0.0,0.0,0.0,0.0,True,0,0,0.0,0.0,True,0.0,0.0,0.0,0.0,
AssaultShotgunOverchargedUltiProjectile,4500.0,150.0,,0.0,0.0,0.0,0.0,True,True,True,True,True,True,0.0,0.0,0,True,50.0,100.0,200.0,900.0,0.0,0.0,0.0,0.0,0.0,0.0,True,0,0,0.0,0.0,True,0.0,0.0,0.0,0.0,
AssaultShotgunOverchargedUltiProjectile2,4500.0,150.0,11,20.0,0.0,0.0,0.0,True,True,True,True,True,True,0.0,0.0,0,True,100.0,50.0,200.0,900.0,0.0,0.0,0.0,0.0,0.0,0.0,True,0,0,0.0,0.0,True,0.0,0.0,0.0,0.0,
AssaultShotgunOverchargedUltiProjectile3,4500.0,150.0,11,30.0,0.0,0.0,0.0,True,True,True,True,True,True,0.0,0.0,0,True,100.0,50.0,200.0,900.0,0.0,0.0,0.0,0.0,0.0,0.0,True,0,0,0.0,0.0,True,0.0,0.0,0.0,0.0,
HoldBallResetTrail,2000.0,50.0,,0.0,0.0,500.0,0.0,True,True,True,True,True,True,0.0,0.0,0,True,0.0,0.0,0.0,0.0,0.0,0.0,0.0,0.0,0.0,0.0,True,0,0,0.0,0.0,True,0.0,0.0,0.0,0.0,HoldingBall
RollerGadgetProjectile,4000.0,100.0,,0.0,0.0,0.0,0.0,True,True,True,True,True,True,0.0,0.0,0,True,0.0,0.0,0.0,0.0,0.0,0.0,0.0,0.0,0.0,0.0,True,0,0,0.0,0.0,True,0.0,0.0,0.0,0.0,
KnightProjectile1,5000.0,250.0,,0.0,0.0,0.0,0.0,True,True,True,True,True,True,0.0,0.0,0,True,0.0,0.0,0.0,0.0,0.0,0.0,0.0,0.0,0.0,0.0,True,0,0,0.0,0.0,True,0.0,0.0,0.0,0.0,
KnightProjectile2,5000.0,250.0,,0.0,0.0,0.0,0.0,True,True,True,True,True,True,0.0,0.0,0,True,150.0,150.0,0.0,1000.0,0.0,0.0,0.0,0.0,0.0,0.0,True,0,0,0.0,0.0,True,0.0,0.0,0.0,0.0,
KnightProjectile3,5000.0,250.0,,0.0,0.0,0.0,0.0,True,True,True,True,True,True,0.0,0.0,0,True,200.0,200.0,0.0,1000.0,0.0,0.0,0.0,0.0,0.0,0.0,True,0,0,0.0,0.0,True,0.0,0.0,0.0,0.0,
KnightUltiProjectile,1196.0,0.0,,0.0,0.0,170.0,0.0,True,True,True,True,True,True,0.0,0.0,0,True,0.0,0.0,0.0,0.0,0.0,0.0,0.0,0.0,0.0,0.0,True,0,0,0.0,0.0,True,0.0,0.0,0.0,0.0,
MechaDudeProjectile,4000.0,150.0,,0.0,0.0,0.0,0.0,True,True,True,True,True,True,0.0,0.0,0,True,0.0,0.0,0.0,0.0,0.0,0.0,0.0,0.0,0.0,0.0,True,0,0,0.0,0.0,True,0.0,0.0,0.0,0.0,
MechaDudeBigProjectile,4500.0,100.0,,0.0,0.0,0.0,0.0,True,True,True,True,True,True,0.0,0.0,0,True,0.0,0.0,0.0,0.0,0.0,0.0,0.0,0.0,0.0,0.0,True,0,0,0.0,0.0,True,0.0,0.0,0.0,0.0,
DuplicatorProjectile,4500.0,100.0,,0.0,0.0,0.0,0.0,True,True,True,True,True,True,0.0,0.0,0,True,0.0,0.0,0.0,0.0,0.0,0.0,0.0,0.0,0.0,0.0,True,0,0,0.0,0.0,True,0.0,0.0,0.0,0.0,
DuplicatorUltiProjectile,1196.0,0.0,,0.0,0.0,170.0,0.0,True,True,True,True,True,True,0.0,0.0,0,True,0.0,0.0,0.0,0.0,0.0,0.0,0.0,0.0,0.0,0.0,True,0,0,0.0,0.0,True,0.0,0.0,0.0,0.0,
OverchargedDuplicatorUltiProjectile,1196.0,0.0,,0.0,0.0,170.0,0.0,True,True,True,True,True,True,0.0,0.0,0,True,0.0,0.0,0.0,0.0,0.0,0.0,0.0,0.0,0.0,0.0,True,0,0,0.0,0.0,True,0.0,0.0,0.0,0.0,
OverchargedDuplicatorProjectile,4500.0,100.0,,0.0,0.0,0.0,0.0,True,True,True,True,True,True,0.0,0.0,0,True,0.0,0.0,0.0,0.0,0.0,0.0,0.0,0.0,0.0,0.0,True,0,0,0.0,0.0,True,0.0,0.0,0.0,0.0,
KickerDudeProjectile,3200.0,300.0,,0.0,0.0,0.0,0.0,True,True,True,True,True,True,0.0,0.0,0,True,0.0,0.0,0.0,0.0,0.0,0.0,0.0,0.0,0.0,0.0,True,1,0,0.0,20.0,True,0.0,0.0,0.0,0.0,
KickerDudeProjectile2,4500.0,100.0,,0.0,0.0,0.0,0.0,True,True,True,True,True,True,0.0,0.0,0,True,25.0,25.0,0.0,1000.0,0.0,0.0,0.0,0.0,0.0,0.0,True,0,0,0.0,0.0,True,0.0,0.0,0.0,300.0,
37f901aa7e3ec65beb084459d9fe977d4c219318,4130.0,50.0,,0.0,0.0,0.0,0.0,True,True,True,True,True,True,0.0,0.0,0,True,0.0,0.0,0.0,0.0,0.0,0.0,0.0,0.0,0.0,0.0,True,0,0,0.0,0.0,True,0.0,0.0,0.0,0.0,
f28c1588967f18e7f4135feb09d1ccb7fd1dbe4c,4130.0,50.0,,0.0,0.0,0.0,0.0,True,True,True,True,True,True,0.0,0.0,0,True,0.0,0.0,0.0,0.0,0.0,0.0,0.0,0.0,0.0,0.0,True,0,0,0.0,0.0,True,0.0,0.0,0.0,0.0,
KickerDudeMinesProjectile,450.0,0.0,,0.0,0.0,25.0,0.0,True,True,True,True,True,True,0.0,0.0,0,True,0.0,0.0,0.0,0.0,0.0,0.0,0.0,0.0,0.0,0.0,True,0,0,0.0,0.0,True,0.0,0.0,0.0,0.0,
FleaUltiProjectile,1200.0,0.0,,0.0,0.0,139.0,0.0,True,True,True,True,True,True,0.0,0.0,0,True,0.0,0.0,0.0,0.0,0.0,0.0,0.0,0.0,0.0,0.0,True,0,0,0.0,0.0,True,0.0,0.0,0.0,0.0,
FleaSpawnProjectile,800.0,0.0,,0.0,0.0,70.0,0.0,True,True,True,True,True,True,0.0,0.0,0,True,0.0,0.0,0.0,0.0,0.0,0.0,0.0,0.0,0.0,0.0,True,0,0,0.0,0.0,True,0.0,0.0,0.0,0.0,
FleaOverchargedSpawnProjectile,1000.0,0.0,,0.0,0.0,70.0,0.0,True,True,True,True,True,True,0.0,0.0,0,True,0.0,0.0,0.0,0.0,0.0,0.0,0.0,0.0,0.0,0.0,True,0,0,0.0,0.0,True,0.0,0.0,0.0,0.0,
FleaProjectile1,3500.0,100.0,,0.0,0.0,0.0,0.0,True,True,True,True,True,True,0.0,0.0,0,True,0.0,0.0,0.0,0.0,0.0,0.0,0.0,0.0,0.0,0.0,True,0,0,0.0,0.0,True,0.0,0.0,0.0,0.0,
FleaProjectile2,3500.0,150.0,,0.0,0.0,0.0,0.0,True,True,True,True,True,True,0.0,0.0,0,True,0.0,0.0,0.0,0.0,0.0,0.0,0.0,0.0,0.0,0.0,True,0,0,0.0,0.0,True,0.0,0.0,0.0,0.0,
FleaProjectile3,3500.0,200.0,,0.0,0.0,0.0,0.0,True,True,True,True,True,True,0.0,0.0,0,True,0.0,0.0,0.0,0.0,0.0,0.0,0.0,0.0,0.0,0.0,True,0,0,0.0,10.0,True,0.0,0.0,0.0,0.0,
PercenterLifestealProjectile,4000.0,150.0,,0.0,0.0,0.0,0.0,True,True,True,True,True,True,0.0,0.0,0,True,0.0,0.0,0.0,0.0,0.0,0.0,0.0,0.0,0.0,0.0,True,0,0,0.0,0.0,True,0.0,0.0,0.0,0.0,
BaseballStickyProjectile,3000.0,250.0,,0.0,0.0,0.0,0.0,True,True,True,True,True,True,0.0,0.0,0,True,0.0,0.0,0.0,0.0,10.0,350.0,2000.0,0.0,0.0,0.0,True,0,0,0.0,0.0,True,0.0,0.0,0.0,0.0,
MummyAcidProjectile,1500.0,200.0,1,0.0,0.0,0.0,0.0,True,True,True,True,True,True,0.0,0.0,0,True,0.0,0.0,0.0,0.0,7.0,0.0,0.0,0.0,0.0,0.0,True,0,0,0.0,0.0,True,0.0,0.0,0.0,0.0,
ElectroSniperBounceProjectile,4000.0,101.0,,0.0,0.0,0.0,0.0,True,True,True,True,True,True,0.0,3000.0,1,True,0.0,0.0,0.0,0.0,0.0,0.0,0.0,0.0,0.0,0.0,True,0,0,0.0,0.0,True,0.0,0.0,0.0,0.0,
JetpackGirlUltiProjectile,1500.0,0.0,,0.0,0.0,20.0,0.0,True,True,True,True,True,True,0.0,0.0,0,True,0.0,0.0,0.0,0.0,0.0,0.0,0.0,0.0,0.0,0.0,True,0,0,0.0,0.0,True,0.0,0.0,0.0,0.0,
JetpackGirlProjectile,3500.0,100.0,,0.0,0.0,0.0,0.0,True,True,True,True,True,True,0.0,0.0,0,True,0.0,0.0,0.0,0.0,0.0,0.0,0.0,0.0,0.0,0.0,True,0,0,0.0,0.0,True,0.0,0.0,0.0,0.0,
CannonGirlProjectile,3800.0,150.0,,0.0,0.0,0.0,0.0,True,True,True,True,True,True,0.0,0.0,0,True,0.0,0.0,0.0,0.0,0.0,0.0,0.0,0.0,0.0,0.0,True,0,0,135.0,6.0,True,0.0,0.0,0.0,0.0,
CannonGirlSmallProjectile,3000.0,100.0,,0.0,0.0,25.0,0.0,True,True,True,True,True,True,0.0,0.0,0,True,0.0,0.0,0.0,0.0,0.0,0.0,0.0,0.0,0.0,0.0,True,0,0,0.0,0.0,True,0.0,0.0,0.0,0.0,
CannonGirlChainProjectile,3261.0,50.0,,0.0,0.0,0.0,0.0,True,True,True,True,True,True,0.0,0.0,0,True,25.0,25.0,0.0,1000.0,0.0,0.0,0.0,0.0,0.0,0.0,True,0,0,0.0,0.0,True,0.0,0.0,0.0,0.0,
CannonGirlExplosionProjectileOvercharged,3000.0,100.0,,0.0,0.0,25.0,0.0,True,True,True,True,True,True,0.0,0.0,0,True,0.0,0.0,0.0,0.0,0.0,0.0,0.0,0.0,0.0,0.0,True,0,0,0.0,0.0,True,0.0,0.0,0.0,0.0,
FlameDudeCirclingProjectile,560.0,200.0,8,800.0,0.0,0.0,0.0,True,True,True,True,True,True,0.0,0.0,0,True,0.0,0.0,0.0,0.0,10.0,0.0,0.0,0.0,0.0,0.0,True,0,0,0.0,0.0,True,0.0,0.0,100.0,0.0,
SilencerProjectile,3600.0,100.0,,0.0,0.0,0.0,0.0,True,True,True,True,True,True,0.0,0.0,0,True,0.0,0.0,0.0,0.0,0.0,0.0,0.0,0.0,0.0,0.0,True,0,0,0.0,0.0,True,0.0,0.0,0.0,0.0,
SilencerBigProjectile,3600.0,200.0,,0.0,0.0,0.0,0.0,True,True,True,True,True,True,0.0,0.0,0,True,0.0,0.0,0.0,0.0,0.0,0.0,0.0,0.0,0.0,0.0,True,0,0,0.0,0.0,True,0.0,0.0,0.0,-100.0,
SilencerUltiProjectile,3200.0,200.0,,0.0,0.0,0.0,0.0,True,True,True,True,True,True,0.0,0.0,0,True,0.0,0.0,0.0,0.0,0.0,0.0,0.0,0.0,0.0,0.0,True,0,0,0.0,0.0,True,0.0,0.0,0.0,0.0,
SilencerOverchargedUltiProjectile,3200.0,200.0,,0.0,0.0,0.0,0.0,True,True,True,True,True,True,0.0,0.0,0,True,0.0,0.0,0.0,0.0,0.0,0.0,0.0,0.0,0.0,0.0,True,0,0,0.0,0.0,True,0.0,0.0,0.0,0.0,
WeaponThrowerProjectile,5000.0,150.0,,0.0,0.0,0.0,0.0,True,True,True,True,True,True,0.0,0.0,0,True,0.0,0.0,0.0,0.0,0.0,0.0,0.0,0.0,0.0,0.0,True,0,0,0.0,0.0,True,0.0,0.0,0.0,0.0,
WeaponThrowerProjectile2,3261.0,150.0,,0.0,0.0,0.0,0.0,True,True,True,True,True,True,0.0,0.0,0,True,0.0,0.0,0.0,0.0,0.0,0.0,0.0,0.0,0.0,0.0,True,0,0,0.0,0.0,True,0.0,0.0,0.0,0.0,
WeaponThrowerUltiProjectile,2900.0,250.0,,0.0,0.0,0.0,0.0,True,True,True,True,True,True,0.0,0.0,0,True,0.0,0.0,0.0,0.0,0.0,0.0,0.0,0.0,0.0,0.0,True,0,0,0.0,0.0,True,0.0,0.0,0.0,0.0,
WeaponThrowerUltiProjectile2,3600.0,100.0,,0.0,0.0,0.0,0.0,True,True,True,True,True,True,0.0,0.0,0,True,0.0,0.0,0.0,0.0,0.0,0.0,0.0,0.0,0.0,0.0,True,0,0,0.0,0.0,True,0.0,0.0,0.0,0.0,
WeaponThrowerOverchargedUltiProjectile,3600.0,250.0,,0.0,0.0,0.0,0.0,True,True,True,True,True,True,0.0,0.0,0,True,0.0,0.0,0.0,0.0,0.0,0.0,0.0,0.0,0.0,0.0,True,0,0,0.0,0.0,True,0.0,0.0,0.0,0.0,
WeaponThrowerOverchargedUltiProjectile2,4400.0,100.0,,0.0,0.0,0.0,0.0,True,True,True,True,True,True,0.0,0.0,0,True,0.0,0.0,0.0,0.0,0.0,0.0,0.0,0.0,0.0,0.0,True,0,0,0.0,0.0,True,0.0,0.0,0.0,0.0,
SoulCollectorProjectile,4000.0,150.0,,0.0,0.0,0.0,0.0,True,True,True,True,True,True,0.0,0.0,0,True,0.0,0.0,0.0,0.0,0.0,0.0,0.0,0.0,0.0,0.0,True,0,0,0.0,0.0,True,0.0,0.0,0.0,0.0,
SoulCollectorUltiProjectile,3600.0,200.0,,0.0,0.0,0.0,0.0,True,True,True,True,True,True,0.0,0.0,0,True,0.0,0.0,0.0,0.0,0.0,0.0,0.0,0.0,0.0,0.0,True,0,0,0.0,0.0,True,0.0,0.0,0.0,0.0,
ShieldTankProjectile,4200.0,250.0,,0.0,0.0,0.0,0.0,True,True,True,True,True,True,0.0,0.0,0,True,100.0,50.0,150.0,1000.0,0.0,0.0,0.0,0.0,0.0,0.0,True,0,0,0.0,0.0,True,0.0,0.0,0.0,0.0,
ShieldTankUltiProjectile,4200.0,50.0,,0.0,0.0,0.0,0.0,True,True,True,True,True,True,0.0,0.0,0,True,0.0,0.0,0.0,0.0,0.0,0.0,0.0,0.0,0.0,0.0,True,0,0,0.0,0.0,True,0.0,0.0,0.0,0.0,
ShieldTankOverchargedUltiProjectile,4200.0,50.0,,0.0,0.0,0.0,0.0,True,True,True,True,True,True,0.0,0.0,0,True,0.0,0.0,0.0,0.0,0.0,0.0,0.0,0.0,0.0,0.0,True,0,0,0.0,0.0,True,0.0,0.0,0.0,0.0,
JesterProjectile,3300.0,100.0,,0.0,0.0,0.0,0.0,True,True,True,True,True,True,0.0,0.0,0,True,0.0,0.0,0.0,0.0,0.0,0.0,0.0,0.0,0.0,0.0,True,0,0,0.0,0.0,True,0.0,0.0,0.0,0.0,
JesterUltiProjectileExploding,800.0,0.0,,0.0,0.0,75.0,0.0,True,True,True,True,True,True,0.0,0.0,0,True,0.0,0.0,0.0,0.0,0.0,0.0,0.0,0.0,0.0,0.0,True,0,0,0.0,0.0,True,0.0,0.0,0.0,0.0,
JesterUltiProjectileStunning,3000.0,150.0,,0.0,0.0,0.0,0.0,True,True,True,True,True,True,0.0,0.0,0,True,0.0,0.0,0.0,0.0,0.0,0.0,0.0,1000.0,0.0,0.0,True,0,0,0.0,0.0,True,0.0,0.0,0.0,0.0,
JesterUltiProjectilePoisoning,2000.0,200.0,1,0.0,0.0,0.0,0.0,True,True,True,True,True,True,0.0,0.0,0,True,0.0,0.0,0.0,0.0,0.0,0.0,0.0,0.0,0.0,0.0,True,0,0,0.0,0.0,True,0.0,0.0,0.0,0.0,
ChesterOverchargedUltiProjectilePoisoning,1800.0,200.0,1,0.0,0.0,0.0,0.0,True,True,True,True,True,True,0.0,0.0,0,True,0.0,0.0,0.0,0.0,0.0,0.0,0.0,0.0,0.0,0.0,True,0,0,0.0,0.0,True,0.0,0.0,0.0,0.0,
JesterProjectileSP,3300.0,100.0,,0.0,0.0,0.0,0.0,True,True,True,True,True,True,0.0,0.0,0,True,0.0,0.0,0.0,0.0,0.0,0.0,0.0,0.0,0.0,0.0,True,0,0,0.0,0.0,True,0.0,0.0,0.0,0.0,
DoorManProjectile,3804.0,50.0,,0.0,0.0,0.0,0.0,True,True,True,True,True,True,0.0,0.0,0,True,0.0,0.0,0.0,0.0,0.0,0.0,0.0,0.0,0.0,0.0,True,0,0,0.0,0.0,True,0.0,0.0,0.0,0.0,
DoorManCaneGadgetProjectile,3200.0,200.0,,0.0,0.0,0.0,0.0,True,True,True,True,True,True,0.0,0.0,0,True,0.0,0.0,0.0,0.0,0.0,0.0,0.0,0.0,0.0,0.0,True,0,0,0.0,0.0,True,0.0,0.0,0.0,0.0,
DoorManCaneGadgetProjectile2,2000.0,200.0,,0.0,0.0,0.0,0.0,True,True,True,True,True,True,0.0,0.0,0,True,0.0,0.0,0.0,0.0,0.0,0.0,0.0,0.0,0.0,0.0,True,0,0,0.0,0.0,True,0.0,0.0,0.0,0.0,
BeamerProjectile,3800.0,100.0,,0.0,0.0,0.0,0.0,True,True,True,True,True,True,0.0,0.0,0,True,0.0,0.0,0.0,0.0,0.0,0.0,0.0,0.0,0.0,0.0,True,0,0,0.0,0.0,True,0.0,0.0,0.0,0.0,
BeamerUltiProjectile,5000.0,250.0,,0.0,0.0,0.0,0.0,True,True,True,True,True,True,0.0,0.0,0,True,0.0,0.0,0.0,0.0,0.0,0.0,0.0,0.0,0.0,0.0,True,0,0,0.0,0.0,True,0.0,0.0,0.0,0.0,
SplitterProjectile,4500.0,50.0,,0.0,0.0,0.0,0.0,True,True,True,True,True,True,0.0,0.0,0,True,0.0,0.0,0.0,0.0,0.0,0.0,0.0,0.0,0.0,0.0,True,0,0,0.0,0.0,True,0.0,0.0,0.0,0.0,
SplitterCirclingProjectile,29.0,100.0,8,0.0,0.0,0.0,0.0,True,True,True,True,True,True,0.0,0.0,0,True,0.0,0.0,0.0,0.0,10.0,0.0,0.0,0.0,0.0,0.0,True,0,0,0.0,0.0,True,0.0,0.0,100.0,0.0,
PuppeteerProjectile,1750.0,0.0,,0.0,0.0,240.0,0.0,True,True,True,True,True,True,0.0,0.0,0,True,0.0,0.0,0.0,0.0,0.0,0.0,0.0,0.0,0.0,0.0,True,0,0,0.0,0.0,True,0.0,0.0,0.0,0.0,
PuppeteerUltiProjectile,4130.0,150.0,,0.0,0.0,0.0,0.0,True,True,True,True,True,True,0.0,0.0,0,True,0.0,0.0,0.0,0.0,0.0,0.0,0.0,0.0,0.0,0.0,True,0,0,0.0,0.0,True,0.0,0.0,0.0,0.0,
OverchargedPuppeteerUltiProjectile,4130.0,150.0,,0.0,0.0,0.0,0.0,True,True,True,True,True,True,0.0,0.0,0,True,0.0,0.0,0.0,0.0,0.0,0.0,0.0,0.0,0.0,0.0,True,0,0,0.0,0.0,True,0.0,0.0,0.0,0.0,
MaisieProjectile,3000.0,101.0,2,0.0,0.0,0.0,0.0,True,True,True,True,True,True,0.0,0.0,0,True,0.0,0.0,0.0,0.0,0.0,0.0,0.0,0.0,0.0,0.0,True,0,0,0.0,0.0,True,0.0,0.0,0.0,0.0,
FishTankUltiProjectile,4000.0,101.0,,0.0,0.0,0.0,0.0,True,True,True,True,True,True,0.0,0.0,0,True,0.0,0.0,0.0,0.0,0.0,0.0,0.0,0.0,0.0,0.0,True,0,0,0.0,0.0,True,0.0,0.0,0.0,0.0,
FishTankUltiProjectileSmall,4000.0,60.0,,0.0,0.0,0.0,0.0,True,True,True,True,True,True,0.0,0.0,0,True,0.0,0.0,0.0,0.0,0.0,0.0,0.0,0.0,0.0,0.0,True,0,0,0.0,0.0,True,0.0,0.0,0.0,0.0,
DuelistProjectile,3800.0,100.0,,0.0,0.0,0.0,0.0,True,True,True,True,True,True,0.0,0.0,0,True,0.0,0.0,0.0,0.0,0.0,0.0,0.0,0.0,0.0,0.0,True,0,0,0.0,0.0,True,0.0,0.0,0.0,0.0,
DuelistUltiProjectile,3800.0,200.0,,0.0,0.0,0.0,0.0,True,True,True,True,True,True,0.0,0.0,0,True,0.0,0.0,0.0,0.0,0.0,0.0,0.0,0.0,0.0,0.0,True,0,0,0.0,0.0,True,0.0,0.0,0.0,0.0,
DuelistOverchargedUltiProjectile,3800.0,200.0,,0.0,0.0,0.0,0.0,True,True,True,True,True,True,0.0,0.0,0,True,0.0,0.0,0.0,0.0,0.0,0.0,0.0,0.0,0.0,0.0,True,0,0,0.0,0.0,True,0.0,0.0,0.0,0.0,
DuelistSilenceProjectile,3800.0,200.0,,0.0,0.0,0.0,0.0,True,True,True,True,True,True,0.0,0.0,0,True,0.0,0.0,0.0,0.0,0.0,0.0,0.0,0.0,0.0,1000.0,True,0,0,0.0,0.0,True,0.0,0.0,0.0,0.0,
ReviverUltiProjectile,4500.0,200.0,4,0.0,0.0,0.0,0.0,True,True,True,True,True,True,0.0,0.0,0,True,0.0,0.0,0.0,0.0,0.0,0.0,0.0,0.0,0.0,0.0,True,0,0,0.0,0.0,True,7.0,3.0,11.0,0.0,
ReviverOverchargedUltiProjectile,4500.0,200.0,4,0.0,0.0,0.0,0.0,True,True,True,True,True,True,0.0,0.0,0,True,0.0,0.0,0.0,0.0,0.0,0.0,0.0,0.0,0.0,0.0,True,0,0,0.0,0.0,True,7.0,3.0,11.0,0.0,
CookerProjectile,4000.0,100.0,,0.0,0.0,0.0,0.0,True,True,True,True,True,True,0.0,0.0,0,True,0.0,0.0,0.0,0.0,0.0,0.0,0.0,0.0,0.0,0.0,True,0,0,0.0,0.0,True,0.0,0.0,0.0,0.0,
ConductorProjectile,1750.0,200.0,1,100.0,0.0,0.0,0.0,True,True,True,True,True,True,0.0,0.0,0,True,100.0,50.0,150.0,1000.0,0.0,0.0,0.0,0.0,0.0,0.0,True,0,0,0.0,0.0,True,0.0,0.0,0.0,0.0,
ConductorUltiProjectile,1500.0,0.0,,0.0,0.0,139.0,0.0,True,True,True,True,True,True,0.0,0.0,0,True,0.0,0.0,0.0,0.0,0.0,0.0,0.0,0.0,0.0,0.0,True,0,0,0.0,0.0,True,0.0,0.0,0.0,0.0,
ConductorOverchargedProjectile,1750.0,200.0,1,100.0,0.0,0.0,0.0,True,True,True,True,True,True,0.0,0.0,0,True,0.0,0.0,0.0,0.0,0.0,0.0,0.0,0.0,0.0,0.0,True,0,0,0.0,0.0,True,0.0,0.0,0.0,0.0,
CocoonerProjectile,4200.0,150.0,,0.0,0.0,0.0,0.0,True,True,True,True,True,True,0.0,0.0,0,True,0.0,0.0,0.0,0.0,0.0,0.0,0.0,0.0,0.0,0.0,True,0,0,0.0,0.0,True,0.0,0.0,0.0,0.0,
CocoonerProjectile2,4200.0,150.0,,0.0,0.0,0.0,0.0,True,True,True,True,True,True,0.0,0.0,0,True,0.0,0.0,0.0,0.0,0.0,0.0,0.0,0.0,0.0,0.0,True,0,0,0.0,0.0,True,0.0,0.0,0.0,0.0,
CocoonerUltiProjectile,3300.0,200.0,,0.0,0.0,0.0,0.0,True,True,True,True,True,True,0.0,0.0,0,True,0.0,0.0,0.0,0.0,0.0,0.0,0.0,0.0,0.0,0.0,True,0,0,0.0,0.0,True,0.0,0.0,0.0,0.0,CocoonerCocoon
CocoonerOverchargedUltiProjectile,3300.0,200.0,,0.0,0.0,0.0,0.0,True,True,True,True,True,True,0.0,0.0,0,True,0.0,0.0,0.0,0.0,0.0,0.0,0.0,0.0,0.0,0.0,True,0,0,0.0,0.0,True,0.0,0.0,0.0,0.0,CocoonerCocoon
MechanicOverchargedTurretElecProj,3478.0,0.0,,0.0,0.0,0.0,0.0,True,True,True,True,True,True,0.0,0.0,0,True,0.0,0.0,0.0,0.0,0.0,0.0,0.0,0.0,0.0,0.0,True,0,0,0.0,14.0,True,0.0,0.0,0.0,0.0,
MechanicOverchargedTurretElecProj2,2000.0,0.0,,0.0,0.0,0.0,0.0,True,True,True,True,True,True,0.0,0.0,0,True,0.0,0.0,0.0,0.0,0.0,0.0,0.0,0.0,0.0,0.0,True,0,0,0.0,14.0,True,0.0,0.0,0.0,0.0,
MechanicOverchargedTurretElecProj3,2000.0,0.0,,0.0,0.0,0.0,0.0,True,True,True,True,True,True,0.0,0.0,0,True,0.0,0.0,0.0,0.0,0.0,0.0,0.0,0.0,0.0,0.0,True,0,0,0.0,0.0,True,0.0,0.0,0.0,0.0,
CrowOverchargedUltiProjectile,3261.0,50.0,,0.0,0.0,0.0,0.0,True,True,True,True,True,True,0.0,0.0,0,True,0.0,0.0,0.0,0.0,0.0,0.0,0.0,0.0,0.0,0.0,True,0,0,0.0,0.0,True,0.0,0.0,0.0,0.0,
CrowOverchargedUltiProjectile2,3261.0,50.0,,0.0,0.0,0.0,0.0,True,True,True,True,True,True,0.0,0.0,0,True,0.0,0.0,0.0,0.0,0.0,0.0,0.0,0.0,0.0,0.0,True,0,0,0.0,0.0,True,0.0,0.0,0.0,0.0,
LeaperShotgunProjectile,3600.0,0.0,,0.0,0.0,0.0,0.0,True,True,True,True,True,True,0.0,0.0,0,True,0.0,0.0,0.0,0.0,0.0,350.0,2000.0,0.0,0.0,0.0,True,0,0,0.0,0.0,True,0.0,0.0,0.0,0.0,
TwinsThrowerProjectile,2000.0,0.0,,0.0,0.0,260.0,0.0,True,True,True,True,True,True,0.0,0.0,0,True,0.0,0.0,0.0,0.0,0.0,0.0,0.0,0.0,0.0,0.0,True,0,0,0.0,0.0,True,0.0,0.0,0.0,0.0,
TwinsShotgunProjectile,3400.0,0.0,,0.0,0.0,0.0,0.0,True,True,True,True,True,True,0.0,0.0,0,True,0.0,0.0,0.0,0.0,0.0,0.0,0.0,0.0,0.0,0.0,True,0,0,0.0,0.0,True,0.0,0.0,0.0,0.0,
TwinsUltiProjectile,1196.0,0.0,,0.0,0.0,170.0,0.0,True,True,True,True,True,True,0.0,0.0,0,True,0.0,0.0,0.0,0.0,0.0,0.0,0.0,0.0,0.0,0.0,True,0,0,0.0,0.0,True,0.0,0.0,0.0,0.0,
TwinsHCUltiProjectile,1196.0,0.0,,0.0,0.0,170.0,0.0,True,True,True,True,True,True,0.0,0.0,0,True,0.0,0.0,0.0,0.0,0.0,0.0,0.0,0.0,0.0,0.0,True,0,0,0.0,0.0,True,0.0,0.0,0.0,0.0,
AttacherProjectile,1900.0,0.0,,0.0,0.0,430.0,0.0,True,True,True,True,True,True,35.0,0.0,0,True,0.0,0.0,0.0,0.0,0.0,0.0,0.0,0.0,0.0,0.0,True,0,0,0.0,0.0,True,0.0,0.0,0.0,0.0,
AttacherProjectileOvercharged,1900.0,0.0,,0.0,0.0,430.0,0.0,True,True,True,True,True,True,35.0,0.0,0,True,0.0,0.0,0.0,0.0,0.0,0.0,0.0,0.0,0.0,0.0,True,0,0,0.0,0.0,True,0.0,0.0,0.0,0.0,
AxeJugglerProjectile,4500.0,125.0,,0.0,0.0,0.0,0.0,True,True,True,True,True,True,0.0,0.0,0,True,0.0,0.0,0.0,0.0,0.0,0.0,0.0,0.0,0.0,0.0,True,1,3,0.0,0.0,True,0.0,0.0,0.0,0.0,
AxeJugglerProjectile2,860.0,125.0,8,650.0,10.0,0.0,0.0,True,True,True,True,True,True,0.0,0.0,0,True,200.0,200.0,0.0,1000.0,10.0,0.0,0.0,0.0,0.0,0.0,True,0,0,0.0,0.0,True,0.0,0.0,160.0,0.0,
AxeJugglerOverchargedProjectile2,860.0,125.0,8,650.0,10.0,0.0,0.0,True,True,True,True,True,True,0.0,0.0,0,True,200.0,200.0,0.0,1000.0,10.0,0.0,0.0,0.0,0.0,0.0,True,0,0,0.0,0.0,True,0.0,0.0,160.0,0.0,
MosquitoProjectile,4000.0,100.0,,0.0,0.0,0.0,0.0,True,True,True,True,True,True,0.0,0.0,0,True,0.0,0.0,0.0,0.0,0.0,0.0,0.0,0.0,0.0,0.0,True,0,0,0.0,0.0,True,0.0,0.0,0.0,0.0,
MosquitoProjectilePoison,4000.0,100.0,,0.0,0.0,0.0,0.0,True,True,True,True,True,True,0.0,0.0,0,True,0.0,0.0,0.0,0.0,0.0,0.0,0.0,0.0,0.0,0.0,True,0,0,0.0,0.0,True,0.0,0.0,0.0,0.0,
SandstormOverchargedUltiProjectile,2000.0,0.0,,0.0,0.0,300.0,0.0,True,True,True,True,True,True,0.0,0.0,0,True,0.0,0.0,0.0,0.0,0.0,0.0,0.0,0.0,0.0,0.0,True,0,0,0.0,0.0,True,0.0,0.0,0.0,0.0,
ClusterBombOverchargedSummonProjectile,3000.0,0.0,,0.0,0.0,170.0,0.0,True,True,True,True,True,True,0.0,0.0,0,True,0.0,0.0,0.0,0.0,0.0,0.0,0.0,0.0,0.0,0.0,True,0,0,0.0,0.0,True,0.0,0.0,0.0,0.0,
RocketGirlUltiOverchargedProjectile,870.0,0.0,,0.0,0.0,93.0,0.0,True,True,True,True,True,True,0.0,0.0,0,True,0.0,0.0,0.0,0.0,0.0,0.0,0.0,0.0,0.0,0.0,True,0,0,0.0,0.0,True,0.0,0.0,0.0,0.0,
SpeedyOverchargedProjectile,1000.0,0.0,9,0.0,0.0,150.0,0.0,True,True,True,True,True,True,0.0,0.0,0,True,0.0,0.0,0.0,0.0,0.0,0.0,0.0,0.0,0.0,0.0,True,0,0,0.0,0.0,True,0.0,0.0,0.0,0.0,
HookUltiOverchargedProjectile,3200.0,200.0,,0.0,0.0,0.0,0.0,True,True,True,True,True,True,0.0,0.0,0,True,0.0,0.0,0.0,0.0,0.0,0.0,0.0,0.0,0.0,0.0,True,0,0,0.0,0.0,True,0.0,0.0,0.0,0.0,
HookUltiOverchargedProjectile2,3200.0,200.0,,0.0,0.0,0.0,0.0,True,True,True,True,True,True,0.0,0.0,0,True,0.0,0.0,0.0,0.0,0.0,0.0,0.0,0.0,0.0,0.0,True,0,0,0.0,0.0,True,0.0,0.0,0.0,0.0,
ElectroSniperMutantProjectile,4000.0,101.0,,0.0,0.0,0.0,0.0,True,True,True,True,True,True,0.0,0.0,0,True,0.0,0.0,0.0,0.0,0.0,0.0,0.0,0.0,0.0,0.0,True,0,0,0.0,0.0,True,0.0,0.0,0.0,0.0,
DragonRiderProjectile,3800.0,200.0,,0.0,0.0,0.0,0.0,True,True,True,True,True,True,0.0,0.0,0,True,200.0,200.0,700.0,1000.0,10.0,0.0,0.0,0.0,0.0,0.0,True,0,0,0.0,0.0,True,0.0,0.0,0.0,0.0,
DragonRiderDragonProjectile,3500.0,250.0,,0.0,0.0,0.0,0.0,True,True,True,True,True,True,0.0,0.0,0,True,0.0,0.0,0.0,0.0,0.0,0.0,0.0,0.0,0.0,0.0,True,0,0,0.0,0.0,True,0.0,0.0,0.0,0.0,
DragonRiderDragonOverchargedProjectile,3500.0,250.0,,0.0,0.0,0.0,0.0,True,True,True,True,True,True,0.0,0.0,0,True,0.0,0.0,0.0,0.0,0.0,0.0,0.0,0.0,0.0,0.0,True,0,0,0.0,0.0,True,0.0,0.0,0.0,0.0,
AmbusherProjectile,3500.0,300.0,,0.0,0.0,0.0,0.0,True,True,True,True,True,True,0.0,0.0,0,True,0.0,0.0,0.0,0.0,0.0,0.0,0.0,0.0,0.0,0.0,True,0,0,0.0,0.0,True,0.0,0.0,0.0,0.0,
AmbusherUltiProjectile,3800.0,200.0,,0.0,0.0,0.0,0.0,True,True,True,True,True,True,0.0,0.0,0,True,0.0,0.0,0.0,0.0,0.0,0.0,0.0,0.0,0.0,0.0,True,0,0,0.0,0.0,True,0.0,0.0,0.0,0.0,
AmbusherUltiProjectile2,2000.0,0.0,,0.0,0.0,330.0,0.0,True,True,True,True,True,True,0.0,0.0,0,True,0.0,0.0,0.0,0.0,0.0,0.0,0.0,0.0,0.0,0.0,True,0,0,0.0,0.0,True,0.0,0.0,0.0,0.0,
AmbusherOverchargedUltiProjectile,5000.0,200.0,,0.0,0.0,0.0,0.0,True,True,True,True,True,True,0.0,1000.0,5,True,0.0,0.0,0.0,0.0,0.0,0.0,0.0,0.0,0.0,0.0,True,0,0,0.0,0.0,True,0.0,0.0,0.0,0.0,
GodzillaUltiProjectile,6000.0,50.0,,0.0,0.0,0.0,0.0,True,True,True,True,True,True,0.0,0.0,0,True,0.0,0.0,0.0,0.0,0.0,0.0,0.0,0.0,0.0,0.0,True,0,0,0.0,0.0,True,0.0,0.0,0.0,0.0,
GodzillaClawsProjectile,3500.0,300.0,,0.0,0.0,0.0,0.0,True,True,True,True,True,True,0.0,0.0,0,True,0.0,0.0,0.0,0.0,0.0,0.0,0.0,0.0,0.0,0.0,True,0,0,0.0,0.0,True,0.0,0.0,0.0,0.0,
BlowerUltiOverchargedProjectile,5000.0,150.0,,0.0,0.0,0.0,0.0,True,True,True,True,True,True,0.0,0.0,0,True,0.0,0.0,0.0,0.0,0.0,0.0,0.0,0.0,0.0,0.0,True,0,0,0.0,0.0,True,0.0,0.0,0.0,0.0,
BarkeepOverchargedUltiProjectile,2104.0,0.0,,0.0,0.0,170.0,0.0,True,True,True,True,True,True,0.0,0.0,0,True,0.0,0.0,0.0,0.0,0.0,0.0,0.0,0.0,0.0,0.0,True,0,0,0.0,0.0,True,0.0,0.0,0.0,0.0,
HammerDudeOverchargedUltiProjectile,6000.0,250.0,,0.0,0.0,0.0,0.0,True,True,True,True,True,True,0.0,0.0,0,True,0.0,0.0,0.0,0.0,0.0,0.0,0.0,2000.0,0.0,0.0,True,0,0,0.0,0.0,True,0.0,0.0,0.0,0.0,
PainterProjectile,2200.0,0.0,,0.0,0.0,330.0,0.0,True,True,True,True,True,True,0.0,0.0,0,True,0.0,0.0,0.0,0.0,0.0,0.0,0.0,0.0,0.0,0.0,True,0,0,0.0,0.0,True,0.0,0.0,0.0,0.0,
PainterUltiProjectile,2400.0,250.0,,0.0,0.0,0.0,0.0,True,True,True,True,True,True,0.0,0.0,0,True,0.0,0.0,0.0,0.0,0.0,0.0,0.0,0.0,0.0,0.0,True,0,0,0.0,0.0,True,0.0,0.0,0.0,0.0,
CrabProjectile,3500.0,150.0,,0.0,0.0,0.0,0.0,True,True,True,True,True,True,0.0,0.0,0,True,0.0,0.0,0.0,0.0,0.0,0.0,0.0,0.0,0.0,0.0,True,0,0,0.0,0.0,True,0.0,0.0,0.0,0.0,
CrabUltiProjectile,3000.0,150.0,,0.0,0.0,0.0,0.0,True,True,True,True,True,True,0.0,0.0,0,True,0.0,0.0,0.0,0.0,0.0,0.0,0.0,0.0,0.0,0.0,True,0,0,0.0,0.0,True,0.0,0.0,0.0,0.0,
CrabOverchargedUltiProjectile,3000.0,150.0,,0.0,0.0,0.0,0.0,True,True,True,True,True,True,0.0,0.0,0,True,0.0,0.0,0.0,0.0,0.0,0.0,0.0,0.0,0.0,0.0,True,0,0,0.0,0.0,True,0.0,0.0,0.0,0.0,
CrabOverchargedUltiReturnProjectile,3000.0,150.0,,0.0,0.0,0.0,0.0,True,True,True,True,True,True,0.0,0.0,0,True,0.0,0.0,0.0,0.0,0.0,0.0,0.0,0.0,0.0,0.0,True,0,0,0.0,0.0,True,0.0,0.0,0.0,0.0,
MummyOverchargedProjectile,1500.0,200.0,1,0.0,0.0,0.0,0.0,True,True,True,True,True,True,0.0,0.0,0,True,0.0,0.0,0.0,0.0,7.0,0.0,0.0,0.0,0.0,0.0,True,0,0,0.0,0.0,True,0.0,0.0,0.0,0.0,
SupportArchetypeProjectile,1700.0,0.0,,0.0,0.0,240.0,0.0,True,True,True,True,True,True,0.0,0.0,0,True,0.0,0.0,0.0,0.0,0.0,0.0,0.0,0.0,0.0,0.0,True,0,0,0.0,0.0,True,0.0,0.0,0.0,0.0,
ArtilleryArchetypeCollabClusterProjectile,4000.0,101.0,,0.0,0.0,0.0,0.0,True,True,True,True,True,True,0.0,0.0,0,True,0.0,0.0,0.0,0.0,0.0,0.0,0.0,0.0,0.0,0.0,True,0,0,0.0,0.0,True,0.0,0.0,0.0,0.0,
ControllerArchetypeCollabProjectileLvl1,3000.0,0.0,,0.0,0.0,0.0,0.0,True,True,True,True,True,True,0.0,0.0,0,True,0.0,0.0,0.0,0.0,0.0,0.0,0.0,0.0,0.0,0.0,True,0,0,0.0,0.0,True,0.0,0.0,0.0,0.0,
ControllerArchetypeCollabProjectileLvl2,3000.0,0.0,,0.0,0.0,0.0,0.0,True,True,True,True,True,True,0.0,0.0,0,True,0.0,0.0,0.0,0.0,0.0,0.0,0.0,0.0,0.0,0.0,True,0,0,0.0,0.0,True,0.0,0.0,0.0,0.0,
ControllerArchetypeCollabProjectileLvl3,3000.0,0.0,,0.0,0.0,0.0,0.0,True,True,True,True,True,True,0.0,0.0,0,True,0.0,0.0,0.0,0.0,0.0,0.0,0.0,0.0,0.0,0.0,True,0,0,0.0,0.0,True,0.0,0.0,0.0,0.0,
DamageDealerArchetypeCollabProjectileLvl1,4000.0,50.0,,0.0,0.0,0.0,0.0,True,True,True,True,True,True,0.0,0.0,0,True,0.0,0.0,0.0,0.0,0.0,0.0,0.0,0.0,0.0,0.0,True,0,0,0.0,0.0,True,0.0,0.0,0.0,0.0,
DamageDealerArchetypeCollabProjectileLvl3,4000.0,50.0,,0.0,0.0,0.0,0.0,True,True,True,True,True,True,0.0,0.0,0,True,0.0,0.0,0.0,0.0,0.0,0.0,0.0,0.0,0.0,0.0,True,0,0,0.0,0.0,True,0.0,0.0,0.0,0.0,
DamageDealerArchetypeCollabProjectileLvl3Return,2000.0,50.0,,0.0,0.0,0.0,0.0,True,True,True,True,True,True,0.0,0.0,0,True,0.0,0.0,0.0,0.0,0.0,0.0,0.0,0.0,0.0,0.0,True,0,0,0.0,0.0,True,0.0,0.0,0.0,0.0,
DiggerProjectile,2800.0,150.0,,0.0,0.0,200.0,0.0,True,True,True,True,True,True,0.0,0.0,0,True,0.0,0.0,0.0,0.0,0.0,0.0,0.0,0.0,0.0,0.0,True,1,0,0.0,8.0,True,0.0,0.0,0.0,0.0,
DiggerProjectileBounce,2800.0,150.0,,0.0,0.0,600.0,0.0,True,True,True,True,True,True,0.0,0.0,0,True,0.0,0.0,0.0,0.0,0.0,0.0,0.0,0.0,0.0,0.0,True,0,0,0.0,0.0,True,0.0,0.0,0.0,0.0,
DiggerProjectileBounceSP,2800.0,150.0,,0.0,0.0,600.0,0.0,True,True,True,True,True,True,0.0,0.0,0,True,0.0,0.0,0.0,0.0,0.0,0.0,0.0,0.0,0.0,0.0,True,1,0,0.0,4.0,True,0.0,0.0,0.0,0.0,
DiggerProjectileShrapnel,2800.0,100.0,,0.0,0.0,0.0,0.0,True,True,True,True,True,True,0.0,0.0,0,True,0.0,0.0,0.0,0.0,0.0,0.0,0.0,0.0,0.0,0.0,True,0,0,0.0,0.0,True,0.0,0.0,0.0,0.0,
SamuraiUltiProjectile,1000.0,0.0,,0.0,0.0,170.0,0.0,True,True,True,True,True,True,0.0,0.0,0,True,0.0,0.0,0.0,0.0,0.0,0.0,0.0,0.0,0.0,0.0,True,0,0,0.0,0.0,True,0.0,0.0,0.0,0.0,
SamuraiOverchargedUltiProjectile,1000.0,0.0,,0.0,0.0,170.0,0.0,True,True,True,True,True,True,0.0,0.0,0,True,0.0,0.0,0.0,0.0,0.0,0.0,0.0,0.0,0.0,0.0,True,0,0,0.0,0.0,True,0.0,0.0,0.0,0.0,
StickyBombOverchargedUltiProjectile,800.0,0.0,,0.0,0.0,60.0,0.0,True,True,True,True,True,True,0.0,0.0,0,True,0.0,0.0,0.0,0.0,0.0,0.0,0.0,0.0,0.0,0.0,True,1,0,0.0,15.0,True,0.0,0.0,0.0,0.0,
StickyBombOverchargedUltiProjectileBounce,800.0,0.0,,0.0,0.0,60.0,0.0,True,True,True,True,True,True,0.0,0.0,0,True,0.0,0.0,0.0,0.0,0.0,0.0,0.0,0.0,0.0,0.0,True,0,0,0.0,0.0,True,0.0,0.0,0.0,0.0,
StickyBombOverchargedUltiProjectile2,3000.0,100.0,,0.0,0.0,0.0,0.0,True,True,True,True,True,True,0.0,0.0,0,True,0.0,0.0,0.0,0.0,0.0,0.0,0.0,0.0,0.0,0.0,True,0,0,0.0,0.0,True,0.0,0.0,0.0,0.0,
BlackHoleOverchargedUltiProjectile,1522.0,0.0,,0.0,0.0,200.0,0.0,True,True,True,True,True,True,0.0,0.0,0,True,0.0,0.0,0.0,0.0,0.0,0.0,0.0,0.0,0.0,0.0,True,0,0,0.0,0.0,True,0.0,0.0,0.0,0.0,
DiggerDrillProjectile,3500.0,200.0,,0.0,0.0,0.0,0.0,True,True,True,True,True,True,0.0,0.0,0,True,0.0,0.0,0.0,0.0,0.0,0.0,0.0,0.0,0.0,0.0,True,0,0,0.0,0.0,True,0.0,0.0,0.0,0.0,
DiggerDrillOverchargedProjectile,3500.0,200.0,,0.0,0.0,0.0,0.0,True,True,True,True,True,True,0.0,0.0,0,True,0.0,0.0,0.0,0.0,0.0,0.0,0.0,0.0,0.0,0.0,True,0,0,0.0,0.0,True,0.0,0.0,0.0,0.0,
DemonicSoulCollectorProjectile,1500.0,101.0,10,0.0,0.0,0.0,0.0,True,True,True,True,True,True,0.0,0.0,0,True,0.0,0.0,0.0,0.0,0.0,0.0,0.0,0.0,0.0,0.0,True,0,0,0.0,0.0,True,20.0,0.0,80.0,0.0,
WrathOfAnAngelProjectile,2700.0,150.0,,0.0,0.0,0.0,0.0,True,True,True,True,True,True,0.0,0.0,0,True,0.0,0.0,0.0,0.0,0.0,200.0,1000.0,0.0,0.0,0.0,True,0,0,0.0,0.0,True,0.0,0.0,0.0,0.0,
ArcadeOverchargedTurretProjectile,4500.0,50.0,,0.0,0.0,0.0,0.0,True,True,True,True,True,True,0.0,0.0,0,True,0.0,0.0,0.0,0.0,0.0,0.0,0.0,0.0,0.0,0.0,True,0,0,0.0,0.0,True,0.0,0.0,0.0,0.0,
VoodooUltiProjectile,1196.0,0.0,,0.0,0.0,170.0,0.0,True,True,True,True,True,True,0.0,0.0,0,True,0.0,0.0,0.0,0.0,0.0,0.0,0.0,0.0,0.0,0.0,True,0,0,0.0,0.0,True,0.0,0.0,0.0,0.0,
VoodooOverchargedUltiProjectile,1196.0,0.0,,0.0,0.0,170.0,0.0,True,True,True,True,True,True,0.0,0.0,0,True,0.0,0.0,0.0,0.0,0.0,0.0,0.0,0.0,0.0,0.0,True,0,0,0.0,0.0,True,0.0,0.0,0.0,0.0,
VoodooPetProjectile,2500.0,250.0,,0.0,0.0,0.0,0.0,True,True,True,True,True,True,0.0,0.0,0,True,0.0,0.0,0.0,0.0,0.0,0.0,0.0,0.0,0.0,0.0,True,0,0,0.0,0.0,True,0.0,0.0,0.0,0.0,
VoodooPetOverchargedProjectile,2500.0,325.0,,0.0,0.0,0.0,0.0,True,True,True,True,True,True,0.0,0.0,0,True,0.0,0.0,0.0,0.0,0.0,0.0,0.0,0.0,0.0,0.0,True,0,0,0.0,0.0,True,0.0,0.0,0.0,0.0,
DemonicPowerProjectile,1700.0,0.0,,0.0,0.0,240.0,0.0,True,True,True,True,True,True,0.0,0.0,0,True,0.0,0.0,0.0,0.0,0.0,0.0,0.0,0.0,0.0,0.0,True,0,0,0.0,0.0,True,0.0,0.0,0.0,0.0,
VoodooProjectileEarth,1750.0,0.0,,0.0,0.0,240.0,0.0,True,True,True,True,True,True,0.0,0.0,0,True,0.0,0.0,0.0,0.0,0.0,0.0,0.0,0.0,0.0,0.0,True,0,0,0.0,0.0,True,0.0,0.0,0.0,0.0,
VoodooProjectileForest,1750.0,0.0,,0.0,0.0,240.0,0.0,True,True,True,True,True,True,0.0,0.0,0,True,0.0,0.0,0.0,0.0,0.0,0.0,0.0,0.0,0.0,0.0,True,0,0,0.0,0.0,True,0.0,0.0,0.0,0.0,
VoodooProjectileWater,1750.0,0.0,,0.0,0.0,240.0,0.0,True,True,True,True,True,True,0.0,0.0,0,True,0.0,0.0,0.0,0.0,0.0,0.0,0.0,0.0,0.0,0.0,True,0,0,0.0,0.0,True,0.0,0.0,0.0,0.0,
VoodooPetSlowProjectile,2500.0,100.0,,0.0,0.0,0.0,0.0,True,True,True,True,True,True,0.0,0.0,0,True,0.0,0.0,0.0,0.0,0.0,350.0,1000.0,0.0,0.0,0.0,True,0,0,0.0,0.0,True,0.0,0.0,0.0,0.0,
VoodooOverchargedPetSlowProjectile,2500.0,325.0,,0.0,0.0,0.0,0.0,True,True,True,True,True,True,0.0,0.0,0,True,0.0,0.0,0.0,0.0,0.0,350.0,1000.0,0.0,0.0,0.0,True,0,0,0.0,0.0,True,0.0,0.0,0.0,0.0,
VoodooProjectileAll,1750.0,0.0,,0.0,0.0,240.0,0.0,True,True,True,True,True,True,0.0,0.0,0,True,0.0,0.0,0.0,0.0,0.0,0.0,0.0,0.0,0.0,0.0,True,0,0,0.0,0.0,True,0.0,0.0,0.0,0.0,
LightyearLaserProjectile,4000.0,101.0,,0.0,0.0,0.0,0.0,True,True,True,True,True,True,0.0,0.0,0,True,0.0,0.0,0.0,0.0,0.0,0.0,0.0,0.0,0.0,0.0,True,0,0,0.0,0.0,True,0.0,0.0,0.0,0.0,
LightyearLaserUltiProjectile,4000.0,101.0,,0.0,0.0,0.0,0.0,True,True,True,True,True,True,0.0,0.0,0,True,0.0,0.0,0.0,0.0,0.0,0.0,0.0,0.0,0.0,0.0,True,0,0,0.0,0.0,True,0.0,0.0,0.0,0.0,
LightyearFlightProjectile,3500.0,100.0,,0.0,0.0,0.0,0.0,True,True,True,True,True,True,0.0,0.0,0,True,100.0,50.0,150.0,1000.0,0.0,0.0,0.0,0.0,0.0,0.0,True,0,0,0.0,0.0,True,0.0,0.0,0.0,0.0,
LightyearFlightUltiProjectile,3000.0,0.0,,0.0,0.0,20.0,0.0,True,True,True,True,True,True,0.0,0.0,0,True,0.0,0.0,0.0,0.0,0.0,0.0,0.0,0.0,0.0,0.0,True,0,0,0.0,0.0,True,0.0,0.0,0.0,0.0,
MeepleProjectile,3000.0,101.0,4,0.0,0.0,0.0,0.0,True,True,True,True,True,True,0.0,0.0,0,True,0.0,0.0,0.0,0.0,0.0,0.0,0.0,0.0,0.0,0.0,True,0,0,0.0,0.0,True,2.0,5.0,15.0,0.0,
MeepleUltiProjectile,1196.0,0.0,,0.0,0.0,170.0,0.0,True,True,True,True,True,True,0.0,0.0,0,True,0.0,0.0,0.0,0.0,0.0,0.0,0.0,0.0,0.0,0.0,True,0,0,0.0,0.0,True,0.0,0.0,0.0,0.0,
MeepleOverchargedUltiProjectile,1196.0,0.0,,0.0,0.0,170.0,0.0,True,True,True,True,True,True,0.0,0.0,0,True,0.0,0.0,0.0,0.0,0.0,0.0,0.0,0.0,0.0,0.0,True,0,0,0.0,0.0,True,0.0,0.0,0.0,0.0,
MeepleWallProjectile,1600.0,0.0,,0.0,0.0,330.0,0.0,True,True,True,True,True,True,0.0,0.0,0,True,0.0,0.0,0.0,0.0,0.0,0.0,0.0,0.0,0.0,0.0,True,0,0,0.0,0.0,True,0.0,0.0,0.0,0.0,
SkaterProjectile,3000.0,100.0,,0.0,0.0,0.0,0.0,True,True,True,True,True,True,0.0,0.0,0,True,0.0,0.0,0.0,0.0,0.0,0.0,0.0,0.0,0.0,0.0,True,0,0,0.0,0.0,True,0.0,0.0,0.0,0.0,
SkaterProjectileTaunt,3000.0,100.0,,0.0,0.0,0.0,0.0,True,True,True,True,True,True,0.0,0.0,0,True,0.0,0.0,0.0,0.0,0.0,0.0,0.0,0.0,0.0,0.0,True,0,0,0.0,0.0,True,0.0,0.0,0.0,0.0,
hankOverchargedUltiProjectile,4000.0,101.0,4,0.0,0.0,0.0,0.0,True,True,True,True,True,True,0.0,0.0,0,True,0.0,0.0,0.0,0.0,0.0,0.0,0.0,0.0,0.0,0.0,True,0,0,0.0,0.0,True,5.0,3.0,40.0,0.0,
BeameOverchargedUltiProjectile,5000.0,250.0,,0.0,0.0,0.0,0.0,True,True,True,True,True,True,0.0,0.0,0,True,0.0,0.0,0.0,0.0,0.0,0.0,0.0,0.0,0.0,0.0,True,0,0,0.0,0.0,True,0.0,0.0,0.0,0.0,
BeaOverchargedUltiProjectile,2500.0,150.0,3,0.0,0.0,0.0,0.0,True,True,True,True,True,True,0.0,0.0,0,True,0.0,0.0,0.0,0.0,0.0,350.0,3000.0,0.0,0.0,0.0,True,2,0,20.0,17.0,True,0.0,0.0,0.0,0.0,
BeaOverchargedUltiProjectile2,2500.0,101.0,,0.0,0.0,0.0,0.0,True,True,True,True,True,True,0.0,0.0,0,True,0.0,0.0,0.0,0.0,0.0,350.0,3000.0,0.0,0.0,0.0,True,0,0,0.0,0.0,True,0.0,0.0,0.0,0.0,
BowDudeSpawnOverchargedMineProjectile,2391.0,0.0,,0.0,0.0,405.0,0.0,True,True,True,True,True,True,0.0,0.0,0,True,0.0,0.0,0.0,0.0,0.0,0.0,0.0,0.0,0.0,0.0,True,0,0,0.0,0.0,True,0.0,0.0,0.0,0.0,
MinigunDudeOverchargedUltiProjectile,1196.0,0.0,,0.0,0.0,170.0,0.0,True,True,True,True,True,True,0.0,0.0,0,True,0.0,0.0,0.0,0.0,0.0,0.0,0.0,0.0,0.0,0.0,True,0,0,0.0,0.0,True,0.0,0.0,0.0,0.0,
SpawnerDudeOverchargedUltiProjectile,1196.0,0.0,,0.0,0.0,139.0,0.0,True,True,True,True,True,True,0.0,0.0,0,True,0.0,0.0,0.0,0.0,0.0,0.0,0.0,0.0,0.0,0.0,True,0,0,0.0,0.0,True,0.0,0.0,0.0,0.0,
ChesterOverchargedUltiProjectile,800.0,0.0,,0.0,0.0,75.0,0.0,True,True,True,True,True,True,0.0,0.0,0,True,0.0,0.0,0.0,0.0,0.0,0.0,0.0,0.0,0.0,0.0,True,0,0,0.0,0.0,True,0.0,0.0,0.0,0.0,
MorningstarProjectile,3000.0,170.0,,0.0,0.0,0.0,0.0,True,True,True,True,True,True,0.0,0.0,0,True,0.0,0.0,0.0,0.0,0.0,0.0,0.0,0.0,0.0,0.0,True,0,0,0.0,0.0,True,0.0,0.0,0.0,0.0,
MorningstarProjectileRecall,4000.0,170.0,,0.0,0.0,0.0,0.0,True,True,True,True,True,True,0.0,0.0,0,True,0.0,0.0,0.0,0.0,0.0,0.0,0.0,0.0,0.0,0.0,True,0,0,0.0,0.0,True,0.0,0.0,0.0,0.0,
MorningstarProjectileRecallFrozenSP,3600.0,170.0,,0.0,0.0,0.0,0.0,True,True,True,True,True,True,0.0,0.0,0,True,0.0,0.0,0.0,0.0,0.0,0.0,0.0,0.0,0.0,0.0,True,0,0,0.0,0.0,True,0.0,0.0,0.0,0.0,
MorningstarUltiProjectile,29000.0,0.0,,0.0,0.0,0.0,0.0,True,True,True,True,True,True,0.0,0.0,0,True,0.0,0.0,0.0,0.0,0.0,0.0,0.0,0.0,0.0,0.0,True,0,0,0.0,0.0,True,0.0,0.0,0.0,0.0,
MorningstarUltiProjectileOvercharged,29000.0,0.0,,0.0,0.0,0.0,0.0,True,True,True,True,True,True,0.0,0.0,0,True,0.0,0.0,0.0,0.0,0.0,0.0,0.0,0.0,0.0,0.0,True,0,0,0.0,0.0,True,0.0,0.0,0.0,0.0,
ChronomancerProjectile,3000.0,100.0,,0.0,0.0,0.0,0.0,True,True,True,True,True,True,0.0,0.0,0,True,0.0,0.0,0.0,0.0,0.0,0.0,0.0,0.0,0.0,0.0,True,0,0,0.0,0.0,True,0.0,0.0,0.0,0.0,
ChronomancerProjectileSecondary,3000.0,60.0,,0.0,0.0,0.0,0.0,True,True,True,True,True,True,0.0,0.0,0,True,0.0,0.0,0.0,0.0,0.0,0.0,0.0,0.0,0.0,0.0,True,0,0,0.0,0.0,True,0.0,0.0,0.0,0.0,
ChronomancerUltiProjectile,2000.0,0.0,,0.0,0.0,300.0,0.0,True,True,True,True,True,True,0.0,0.0,0,True,0.0,0.0,0.0,0.0,0.0,0.0,0.0,0.0,0.0,0.0,True,0,0,0.0,0.0,True,0.0,0.0,0.0,0.0,
ChronomancerUltiHyperProjectile,2000.0,0.0,,0.0,0.0,300.0,0.0,True,True,True,True,True,True,0.0,0.0,0,True,0.0,0.0,0.0,0.0,0.0,0.0,0.0,0.0,0.0,0.0,True,0,0,0.0,0.0,True,0.0,0.0,0.0,0.0,
ChronomancerProjectileStasis,3000.0,100.0,,0.0,0.0,0.0,0.0,True,True,True,True,True,True,0.0,0.0,0,True,0.0,0.0,0.0,0.0,0.0,0.0,0.0,0.0,0.0,0.0,True,0,0,0.0,0.0,True,0.0,0.0,0.0,0.0,
GusOverchargedUltiProjectile,3600.0,200.0,,0.0,0.0,0.0,0.0,True,True,True,True,True,True,0.0,0.0,0,True,0.0,0.0,0.0,0.0,0.0,0.0,0.0,0.0,0.0,0.0,True,0,0,0.0,0.0,True,0.0,0.0,0.0,0.0,
GusOverchargedAreaEffectProjectile,3600.0,150.0,,0.0,0.0,0.0,0.0,True,True,True,True,True,True,0.0,0.0,0,True,0.0,0.0,0.0,0.0,0.0,0.0,0.0,0.0,0.0,0.0,True,0,0,0.0,0.0,True,0.0,0.0,0.0,0.0,
MtowerProjectile,2500.0,100.0,10,0.0,0.0,0.0,0.0,True,True,True,True,True,True,0.0,0.0,0,True,0.0,0.0,0.0,0.0,0.0,0.0,0.0,0.0,0.0,0.0,True,0,0,0.0,0.0,True,40.0,2.0,50.0,0.0,
ArenaXPProjectile,3500.0,50.0,10,0.0,0.0,0.0,0.0,True,True,True,True,True,True,0.0,0.0,0,True,0.0,0.0,0.0,0.0,0.0,0.0,0.0,0.0,0.0,0.0,True,0,0,0.0,0.0,True,40.0,2.0,50.0,0.0,
MobaKaijuProjectile,500.0,100.0,4,0.0,0.0,0.0,0.0,True,True,True,True,True,True,0.0,0.0,0,True,0.0,0.0,0.0,0.0,0.0,0.0,0.0,0.0,0.0,0.0,True,0,0,0.0,0.0,True,10.0,0.0,20.0,0.0,
MobaBigKaijuProjectile,800.0,100.0,4,0.0,0.0,0.0,0.0,True,True,True,True,True,True,0.0,0.0,0,True,0.0,0.0,0.0,0.0,0.0,0.0,0.0,0.0,0.0,0.0,True,0,0,0.0,0.0,True,10.0,0.0,20.0,0.0,
AlternatorHealProjectile,3500.0,225.0,,0.0,0.0,0.0,0.0,True,True,True,True,True,True,0.0,0.0,0,True,0.0,0.0,0.0,0.0,0.0,0.0,0.0,0.0,0.0,0.0,True,0,0,0.0,0.0,True,0.0,0.0,0.0,0.0,
AlternatorSpeedProjectile,3700.0,225.0,,0.0,0.0,0.0,0.0,True,True,True,True,True,True,0.0,0.0,0,True,0.0,0.0,0.0,0.0,0.0,0.0,0.0,0.0,0.0,0.0,True,0,0,0.0,0.0,True,0.0,0.0,0.0,0.0,
AlternatorDamageProjectile,3500.0,225.0,,0.0,0.0,0.0,0.0,True,True,True,True,True,True,0.0,0.0,0,True,0.0,0.0,0.0,0.0,0.0,0.0,0.0,0.0,0.0,0.0,True,0,0,0.0,0.0,True,0.0,0.0,0.0,0.0,
AlternatorSlowProjectile,3500.0,225.0,,0.0,0.0,0.0,0.0,True,True,True,True,True,True,0.0,0.0,0,True,0.0,0.0,0.0,0.0,0.0,0.0,0.0,0.0,0.0,0.0,True,0,0,0.0,0.0,True,0.0,0.0,0.0,0.0,
GeishaUltiProjectile,1000.0,0.0,,0.0,0.0,170.0,0.0,True,True,True,True,True,True,0.0,0.0,0,True,0.0,0.0,0.0,0.0,0.0,0.0,0.0,0.0,0.0,0.0,True,0,0,0.0,0.0,True,0.0,0.0,0.0,0.0,
GeishaUltiProjectileOvercharged,1000.0,0.0,,0.0,0.0,170.0,0.0,True,True,True,True,True,True,0.0,0.0,0,True,0.0,0.0,0.0,0.0,0.0,0.0,0.0,0.0,0.0,0.0,True,0,0,0.0,0.0,True,0.0,0.0,0.0,0.0,
GeishaTransformedProjectile,3500.0,100.0,,0.0,0.0,0.0,0.0,True,True,True,True,True,True,0.0,0.0,0,True,100.0,50.0,150.0,1000.0,0.0,0.0,0.0,0.0,0.0,0.0,True,0,0,0.0,0.0,True,0.0,0.0,0.0,0.0,
SpawnerDudeMutantProjectile,2000.0,200.0,,0.0,0.0,0.0,0.0,True,True,True,True,True,True,0.0,0.0,0,True,0.0,0.0,0.0,0.0,0.0,0.0,0.0,0.0,0.0,0.0,True,0,0,0.0,0.0,True,0.0,0.0,0.0,0.0,
ArenaBaseProjectile,5500.0,200.0,,0.0,0.0,0.0,0.0,True,True,True,True,True,True,0.0,0.0,0,True,0.0,0.0,0.0,0.0,0.0,0.0,0.0,0.0,0.0,0.0,True,0,0,0.0,0.0,True,0.0,0.0,0.0,0.0,
MegaKenjiProjectileSlowBounce,1400.0,0.0,,0.0,0.0,0.0,0.0,True,True,True,True,True,True,0.0,0.0,0,True,0.0,0.0,0.0,0.0,0.0,0.0,0.0,0.0,0.0,0.0,True,0,0,0.0,0.0,True,0.0,0.0,0.0,0.0,
MegaKenjiProjectileSpawnRobot,2500.0,0.0,,0.0,0.0,400.0,0.0,True,True,True,True,True,True,0.0,0.0,0,True,0.0,0.0,0.0,0.0,0.0,0.0,0.0,0.0,0.0,0.0,True,0,0,0.0,0.0,True,0.0,0.0,0.0,0.0,MegaSamuraiRangedEnemy
MegaKenjiProjectileFast360,1650.0,0.0,,0.0,0.0,0.0,0.0,True,True,True,True,True,True,0.0,0.0,0,True,0.0,0.0,0.0,0.0,0.0,0.0,0.0,0.0,0.0,0.0,True,0,0,0.0,0.0,True,0.0,0.0,0.0,0.0,
MegaKenjiProjectileDeath,4000.0,0.0,,0.0,0.0,0.0,0.0,True,True,True,True,True,True,0.0,0.0,0,True,0.0,0.0,0.0,0.0,0.0,0.0,0.0,0.0,0.0,0.0,True,0,0,0.0,0.0,True,0.0,0.0,0.0,0.0,
SamuraiRangedEnemyProjectile,4000.0,100.0,,0.0,0.0,0.0,0.0,True,True,True,True,True,True,0.0,0.0,0,True,0.0,0.0,0.0,0.0,0.0,0.0,0.0,0.0,0.0,0.0,True,0,0,0.0,0.0,True,0.0,0.0,0.0,0.0,
BaseballOverchargedUltiProjectileSticky,3000.0,250.0,,0.0,0.0,0.0,0.0,True,True,True,True,True,True,0.0,0.0,0,True,0.0,0.0,0.0,0.0,10.0,350.0,2000.0,0.0,0.0,0.0,True,2,0,20.0,100.0,True,0.0,0.0,0.0,0.0,
BaseballOverchargedUltiProjectileStickyChain,3000.0,250.0,,0.0,0.0,0.0,0.0,True,True,True,True,True,True,0.0,0.0,0,True,0.0,0.0,0.0,0.0,10.0,350.0,2000.0,0.0,0.0,0.0,True,0,0,0.0,0.0,True,0.0,0.0,0.0,0.0,
AngelicProjectile,3000.0,100.0,,0.0,0.0,0.0,0.0,True,True,True,True,True,True,0.0,0.0,0,True,0.0,0.0,0.0,0.0,0.0,0.0,0.0,0.0,0.0,0.0,True,0,0,0.0,0.0,True,0.0,0.0,0.0,0.0,
DemonicProjectile,4000.0,100.0,,0.0,0.0,0.0,0.0,True,True,True,True,True,True,0.0,0.0,0,True,0.0,0.0,0.0,0.0,0.0,0.0,0.0,0.0,0.0,0.0,True,0,0,0.0,0.0,True,0.0,0.0,0.0,0.0,
DemonicProjectileBoomerang,4000.0,100.0,,0.0,0.0,0.0,0.0,True,True,True,True,True,True,0.0,0.0,0,True,0.0,0.0,0.0,0.0,0.0,0.0,0.0,0.0,0.0,0.0,True,0,0,0.0,0.0,True,0.0,0.0,0.0,0.0,
BrawlersMagnetProjectile1_lvl1,2000.0,200.0,,0.0,0.0,0.0,0.0,True,True,True,True,True,True,0.0,0.0,0,True,0.0,0.0,0.0,0.0,0.0,0.0,0.0,0.0,0.0,0.0,True,0,0,0.0,0.0,True,0.0,0.0,0.0,0.0,
BrawlersMagnetProjectile2_lvl1,2000.0,200.0,,0.0,0.0,0.0,0.0,True,True,True,True,True,True,0.0,0.0,0,True,0.0,0.0,0.0,0.0,0.0,0.0,0.0,0.0,0.0,0.0,True,0,0,0.0,0.0,True,0.0,0.0,0.0,0.0,
BrawlersMagnetProjectile1_lvl3,3000.0,200.0,,0.0,0.0,0.0,0.0,True,True,True,True,True,True,0.0,0.0,0,True,0.0,0.0,0.0,0.0,0.0,0.0,0.0,0.0,0.0,0.0,True,0,0,0.0,0.0,True,0.0,0.0,0.0,0.0,
BrawlersMagnetProjectile2_lvl3,3000.0,200.0,,0.0,0.0,0.0,0.0,True,True,True,True,True,True,0.0,0.0,0,True,0.0,0.0,0.0,0.0,0.0,0.0,0.0,0.0,0.0,0.0,True,0,0,0.0,0.0,True,0.0,0.0,0.0,0.0,
SignalStrikeProjectile,4000.0,225.0,,0.0,0.0,0.0,0.0,True,True,True,True,True,True,0.0,0.0,0,True,0.0,0.0,0.0,0.0,0.0,0.0,0.0,0.0,0.0,0.0,True,0,0,0.0,0.0,True,0.0,0.0,0.0,0.0,
SignalStrikeProjectile_lvl3,4000.0,225.0,,0.0,0.0,0.0,0.0,True,True,True,True,True,True,0.0,0.0,0,True,0.0,0.0,0.0,0.0,0.0,0.0,0.0,0.0,0.0,0.0,True,0,0,0.0,0.0,True,0.0,0.0,0.0,0.0,
EndOfLineProjectile,3200.0,0.0,,0.0,0.0,330.0,0.0,True,True,True,True,True,True,0.0,0.0,0,True,0.0,0.0,0.0,0.0,0.0,0.0,0.0,0.0,0.0,0.0,True,0,0,0.0,0.0,True,0.0,0.0,0.0,0.0,
BoomBoxProjectile,1750.0,0.0,,0.0,0.0,240.0,0.0,True,True,True,True,True,True,0.0,0.0,0,True,0.0,0.0,0.0,0.0,0.0,0.0,0.0,0.0,0.0,0.0,True,0,0,0.0,0.0,True,0.0,0.0,0.0,0.0,
BoomBoxProjectile_lvl2,1750.0,0.0,,0.0,0.0,240.0,0.0,True,True,True,True,True,True,0.0,0.0,0,True,0.0,0.0,0.0,0.0,0.0,0.0,0.0,0.0,0.0,0.0,True,0,0,0.0,0.0,True,0.0,0.0,0.0,0.0,
BoomBoxProjectile_lvl3,1750.0,0.0,,0.0,0.0,240.0,0.0,True,True,True,True,True,True,0.0,0.0,0,True,0.0,0.0,0.0,0.0,0.0,0.0,0.0,0.0,0.0,0.0,True,0,0,0.0,0.0,True,0.0,0.0,0.0,0.0,
HookTimeProjectile_lvl1,2000.0,150.0,,0.0,0.0,0.0,0.0,True,True,True,True,True,True,0.0,0.0,0,True,0.0,0.0,0.0,0.0,0.0,0.0,0.0,0.0,0.0,0.0,True,0,0,0.0,0.0,True,0.0,0.0,0.0,0.0,
HookTimeProjectile_lvl3,4500.0,150.0,,0.0,0.0,0.0,0.0,True,True,True,True,True,True,0.0,0.0,0,True,0.0,0.0,0.0,0.0,0.0,0.0,0.0,0.0,0.0,0.0,True,0,0,0.0,0.0,True,0.0,0.0,0.0,0.0,
JetpackProjectileDamage,1500.0,200.0,,0.0,0.0,20.0,0.0,True,True,True,True,True,True,0.0,0.0,0,True,0.0,0.0,0.0,0.0,0.0,0.0,0.0,0.0,0.0,0.0,True,0,0,0.0,0.0,True,0.0,0.0,0.0,0.0,
JetpackProjectileDamageAndSlow,1500.0,200.0,,0.0,0.0,20.0,0.0,True,True,True,True,True,True,0.0,0.0,0,True,0.0,0.0,0.0,0.0,0.0,0.0,0.0,0.0,0.0,0.0,True,0,0,0.0,0.0,True,0.0,0.0,0.0,0.0,
EndOfLineProjectile_lvl3,3200.0,0.0,,0.0,0.0,330.0,0.0,True,True,True,True,True,True,0.0,0.0,0,True,0.0,0.0,0.0,0.0,0.0,0.0,0.0,0.0,0.0,0.0,True,0,0,0.0,0.0,True,0.0,0.0,0.0,0.0,
DancerProjectileSingle,3000.0,150.0,,0.0,0.0,0.0,0.0,True,True,True,True,True,True,0.0,0.0,0,True,0.0,0.0,0.0,0.0,0.0,0.0,0.0,0.0,0.0,0.0,True,0,0,0.0,0.0,True,0.0,0.0,0.0,0.0,
DancerProjectileDouble,3000.0,200.0,,0.0,0.0,0.0,0.0,True,True,True,True,True,True,0.0,0.0,0,True,0.0,0.0,0.0,0.0,0.0,0.0,0.0,0.0,0.0,0.0,True,0,0,0.0,0.0,True,0.0,0.0,0.0,0.0,
DancerProjectileTriple,3000.0,150.0,,0.0,0.0,0.0,0.0,True,True,True,True,True,True,0.0,0.0,0,True,0.0,0.0,0.0,0.0,0.0,0.0,0.0,0.0,0.0,0.0,True,0,0,0.0,0.0,True,0.0,0.0,0.0,0.0,
DancerProjectileUlti,2200.0,400.0,,0.0,0.0,0.0,0.0,True,True,True,True,True,True,0.0,0.0,0,True,0.0,0.0,0.0,0.0,0.0,0.0,0.0,0.0,0.0,0.0,True,0,0,0.0,0.0,True,0.0,0.0,0.0,0.0,
DancerOverchargedProjectileUlti,3000.0,400.0,,0.0,0.0,0.0,0.0,True,True,True,True,True,True,0.0,1000.0,3,True,0.0,0.0,0.0,0.0,0.0,0.0,0.0,0.0,0.0,0.0,True,0,0,0.0,0.0,True,0.0,0.0,0.0,0.0,
FuryProjectile,29000.0,0.0,,0.0,0.0,260.0,0.0,True,True,True,True,True,True,0.0,0.0,0,True,0.0,0.0,0.0,0.0,0.0,0.0,0.0,0.0,0.0,0.0,True,0,0,0.0,0.0,True,0.0,0.0,0.0,0.0,
FuryProjectileCrit,29000.0,0.0,,0.0,0.0,260.0,0.0,True,True,True,True,True,True,0.0,0.0,0,True,0.0,0.0,0.0,0.0,0.0,0.0,0.0,0.0,0.0,0.0,True,0,0,0.0,0.0,True,0.0,0.0,0.0,0.0,
FuryUltiProjectile,1000.0,1500.0,14,50.0,0.0,0.0,0.0,True,True,True,True,True,True,0.0,0.0,0,True,0.0,0.0,0.0,0.0,-1.0,0.0,0.0,0.0,0.0,0.0,True,0,0,0.0,0.0,True,0.0,0.0,0.0,0.0,
FuryOverchargedUltiProjectile,1000.0,1500.0,14,50.0,0.0,0.0,0.0,True,True,True,True,True,True,0.0,0.0,0,True,0.0,0.0,0.0,0.0,-1.0,0.0,0.0,0.0,0.0,0.0,True,0,0,0.0,0.0,True,0.0,0.0,0.0,0.0,
FuryOverchargedUltiProjectileReturn,1000.0,1500.0,14,50.0,0.0,0.0,0.0,True,True,True,True,True,True,0.0,0.0,0,True,0.0,0.0,0.0,0.0,-1.0,0.0,0.0,0.0,0.0,0.0,True,0,0,0.0,0.0,True,0.0,0.0,0.0,0.0,
MegaBossCrowProjectile,1500.0,40.0,,0.0,0.0,0.0,0.0,True,True,True,True,True,True,0.0,0.0,0,True,0.0,0.0,0.0,0.0,0.0,0.0,0.0,0.0,0.0,0.0,True,0,0,0.0,0.0,True,0.0,0.0,0.0,0.0,
MegaBossCactusProjectile,1800.0,195.0,,0.0,0.0,0.0,0.0,True,True,True,True,True,True,0.0,0.0,0,True,0.0,0.0,0.0,0.0,0.0,0.0,0.0,0.0,0.0,0.0,True,0,0,0.0,0.0,True,0.0,0.0,0.0,0.0,
MegaBossCactusFrag,1000.0,65.0,,0.0,0.0,0.0,0.0,True,True,True,True,True,True,0.0,0.0,0,True,0.0,0.0,0.0,0.0,0.0,0.0,0.0,0.0,0.0,0.0,True,0,0,0.0,0.0,True,0.0,0.0,0.0,0.0,
MegaBossCactusUltiProjectile,1739.0,0.0,,0.0,0.0,240.0,0.0,True,True,True,True,True,True,0.0,0.0,0,True,0.0,0.0,0.0,0.0,0.0,0.0,0.0,0.0,0.0,0.0,True,0,0,0.0,0.0,True,0.0,0.0,0.0,0.0,
MegaBossCactusPushAwayFrag,2500.0,65.0,,0.0,0.0,0.0,0.0,True,True,True,True,True,True,0.0,0.0,0,True,0.0,0.0,0.0,0.0,0.0,0.0,0.0,0.0,0.0,0.0,True,0,0,0.0,0.0,True,0.0,0.0,0.0,0.0,
MegaBossCactusProjectileSecond,1800.0,195.0,,0.0,0.0,0.0,0.0,True,True,True,True,True,True,0.0,0.0,0,True,0.0,0.0,0.0,0.0,0.0,0.0,0.0,0.0,0.0,0.0,True,0,0,0.0,0.0,True,0.0,0.0,0.0,0.0,
MegaTickProjectile,800.0,0.0,,0.0,0.0,60.0,0.0,True,True,True,True,True,True,0.0,0.0,0,True,0.0,0.0,0.0,0.0,0.0,0.0,0.0,0.0,0.0,0.0,True,0,0,0.0,0.0,True,0.0,0.0,0.0,0.0,
MegaTickSummonProjectile,1200.0,0.0,,0.0,0.0,170.0,0.0,True,True,True,True,True,True,0.0,0.0,0,True,0.0,0.0,0.0,0.0,0.0,0.0,0.0,0.0,0.0,0.0,True,0,0,0.0,0.0,True,0.0,0.0,0.0,0.0,
MegaTickSummonProjectileMid,1000.0,0.0,,0.0,0.0,130.0,0.0,True,True,True,True,True,True,0.0,0.0,0,True,0.0,0.0,0.0,0.0,0.0,0.0,0.0,0.0,0.0,0.0,True,0,0,0.0,0.0,True,0.0,0.0,0.0,0.0,
MegaTickSummonProjectileLarge,1500.0,0.0,,0.0,0.0,150.0,0.0,True,True,True,True,True,True,0.0,0.0,0,True,0.0,0.0,0.0,0.0,0.0,0.0,0.0,0.0,0.0,0.0,True,0,0,0.0,0.0,True,0.0,0.0,0.0,0.0,
MegaTickSecondProjectile,1700.0,0.0,,0.0,0.0,240.0,0.0,True,True,True,True,True,True,0.0,0.0,0,True,0.0,0.0,0.0,0.0,0.0,0.0,0.0,0.0,0.0,0.0,True,0,0,0.0,0.0,True,0.0,0.0,0.0,0.0,
MegaBossTrickshotDudeProjectile,1100.0,85.0,,0.0,0.0,0.0,0.0,True,True,True,True,True,True,0.0,3000.0,5,True,0.0,0.0,0.0,0.0,0.0,0.0,0.0,0.0,0.0,0.0,True,0,0,0.0,0.0,True,0.0,0.0,0.0,0.0,
MegaBossTrickshotDudeUltiProjectile,1600.0,85.0,,0.0,0.0,0.0,0.0,True,True,True,True,True,True,0.0,3000.0,5,True,0.0,0.0,0.0,0.0,0.0,0.0,0.0,0.0,0.0,0.0,True,0,0,0.0,0.0,True,0.0,0.0,0.0,0.0,
MegaBossTrickshotDudeProjectileLarge,900.0,150.0,,0.0,0.0,0.0,0.0,True,True,True,True,True,True,0.0,3000.0,5,True,0.0,0.0,0.0,0.0,0.0,0.0,0.0,0.0,0.0,0.0,True,0,0,0.0,0.0,True,0.0,0.0,0.0,0.0,
MegaBossTrickshotDudeProjectileLargeExtra,2300.0,260.0,,0.0,0.0,0.0,0.0,True,True,True,True,True,True,0.0,3000.0,5,True,0.0,0.0,0.0,0.0,0.0,0.0,0.0,0.0,0.0,0.0,True,0,0,0.0,0.0,True,0.0,0.0,0.0,0.0,
MegaBossCrowJumpProjectile,1000.0,50.0,,0.0,0.0,0.0,0.0,True,True,True,True,True,True,0.0,0.0,0,True,0.0,0.0,0.0,0.0,0.0,0.0,0.0,0.0,0.0,0.0,True,1,0,10.0,1.0,True,0.0,0.0,0.0,0.0,
MegaBossCrowSwampProjectile,1504.0,0.0,,0.0,0.0,170.0,0.0,True,True,True,True,True,True,0.0,0.0,0,True,0.0,0.0,0.0,0.0,0.0,0.0,0.0,0.0,0.0,0.0,True,0,0,0.0,0.0,True,0.0,0.0,0.0,0.0,
MegaBossCrowSwampProjectileLarge,1504.0,0.0,,0.0,0.0,180.0,0.0,True,True,True,True,True,True,0.0,0.0,0,True,0.0,0.0,0.0,0.0,0.0,0.0,0.0,0.0,0.0,0.0,True,0,0,0.0,0.0,True,0.0,0.0,0.0,0.0,
MegaBossCrowJumpProjectileChain,1000.0,101.0,,0.0,0.0,0.0,0.0,True,True,True,True,True,True,0.0,0.0,1,True,0.0,0.0,0.0,0.0,0.0,0.0,0.0,0.0,0.0,0.0,True,0,0,0.0,0.0,True,0.0,0.0,0.0,0.0,
MegaBossSplitterProjectileSlow,1400.0,65.0,,0.0,0.0,0.0,0.0,True,True,True,True,True,True,0.0,0.0,0,True,0.0,0.0,0.0,0.0,0.0,0.0,0.0,0.0,0.0,0.0,True,0,0,0.0,0.0,True,0.0,0.0,0.0,0.0,
MegaBossSplitterProjectile,1900.0,50.0,,0.0,0.0,0.0,0.0,True,True,True,True,True,True,0.0,0.0,0,True,0.0,0.0,0.0,0.0,0.0,0.0,0.0,0.0,0.0,0.0,True,0,0,0.0,0.0,True,0.0,0.0,0.0,0.0,
MegaBossSplitterProjectilePierce,4000.0,150.0,,0.0,0.0,0.0,0.0,True,True,True,True,True,True,0.0,2000.0,3,True,0.0,0.0,0.0,0.0,0.0,0.0,0.0,0.0,0.0,0.0,True,0,0,0.0,0.0,True,0.0,0.0,0.0,0.0,
MegaBossSplitterSpawnRobotsThrow,2500.0,0.0,,0.0,0.0,400.0,0.0,True,True,True,True,True,True,0.0,0.0,0,True,0.0,0.0,0.0,0.0,0.0,0.0,0.0,0.0,0.0,0.0,True,0,0,0.0,0.0,True,0.0,0.0,0.0,0.0,MegaSplitterTwinsEnemyThrow
MegaBossSplitterSpawnRobotsShoot,2200.0,0.0,,0.0,0.0,400.0,0.0,True,True,True,True,True,True,0.0,0.0,0,True,0.0,0.0,0.0,0.0,0.0,0.0,0.0,0.0,0.0,0.0,True,0,0,0.0,0.0,True,0.0,0.0,0.0,0.0,MegaSplitterTwinsEnemyShoot
MegaBossTwinsThrowerProjectile,2000.0,0.0,,0.0,0.0,260.0,0.0,True,True,True,True,True,True,0.0,0.0,0,True,0.0,0.0,0.0,0.0,0.0,0.0,0.0,0.0,0.0,0.0,True,0,0,0.0,0.0,True,0.0,0.0,0.0,0.0,
MegaBossTwinsShotgunProjectile,2800.0,0.0,,0.0,0.0,0.0,0.0,True,True,True,True,True,True,0.0,0.0,0,True,0.0,0.0,0.0,0.0,0.0,0.0,0.0,0.0,0.0,0.0,True,0,0,0.0,0.0,True,0.0,0.0,0.0,0.0,
MegaKenjiProjectileSpawnKenji,2000.0,0.0,,0.0,0.0,400.0,0.0,True,True,True,True,True,True,0.0,0.0,0,True,0.0,0.0,0.0,0.0,0.0,0.0,0.0,0.0,0.0,0.0,True,0,0,0.0,0.0,True,0.0,0.0,0.0,0.0,MegaKenjiPet
MegaBossSpikeSummonPet,1500.0,0.0,,0.0,0.0,300.0,0.0,True,True,True,True,True,True,0.0,0.0,0,True,0.0,0.0,0.0,0.0,0.0,0.0,0.0,0.0,0.0,0.0,True,0,0,0.0,0.0,True,0.0,0.0,0.0,0.0,MegaBossCactusCover
MegaBossCactusPetShoot,2000.0,62.0,,0.0,0.0,0.0,0.0,True,True,True,True,True,True,0.0,0.0,0,True,0.0,0.0,0.0,0.0,0.0,0.0,0.0,0.0,0.0,0.0,True,0,0,0.0,0.0,True,0.0,0.0,0.0,0.0,
MegaSamuraiRangedEnemyProjectile,1700.0,100.0,,0.0,0.0,0.0,0.0,True,True,True,True,True,True,0.0,0.0,0,True,0.0,0.0,0.0,0.0,0.0,0.0,0.0,0.0,0.0,0.0,True,0,0,0.0,0.0,True,0.0,0.0,0.0,0.0,
ActorPlaceholderProjectile,3500.0,40.0,,0.0,0.0,0.0,0.0,True,True,True,True,True,True,0.0,0.0,0,True,0.0,0.0,0.0,0.0,0.0,0.0,0.0,0.0,0.0,0.0,True,0,0,0.0,0.0,True,0.0,0.0,0.0,0.0,
BulletstormProjectile,4000.0,100.0,,0.0,0.0,0.0,0.0,True,True,True,True,True,True,0.0,0.0,0,True,0.0,0.0,0.0,0.0,0.0,0.0,0.0,0.0,0.0,0.0,True,0,0,0.0,0.0,True,0.0,0.0,0.0,0.0,
BulletstormLastShotProjectile,4000.0,110.0,,0.0,0.0,0.0,0.0,True,True,True,True,True,True,0.0,0.0,0,True,0.0,0.0,0.0,0.0,0.0,0.0,0.0,0.0,0.0,0.0,True,0,0,0.0,0.0,True,0.0,0.0,0.0,0.0,
BulletstormUltiProjectile,29000.0,0.0,,0.0,0.0,260.0,0.0,True,True,True,True,True,True,0.0,0.0,0,True,0.0,0.0,0.0,0.0,0.0,0.0,0.0,0.0,0.0,0.0,True,0,0,0.0,0.0,True,0.0,0.0,0.0,0.0,
BulletstormShellProjectile,2000.0,0.0,,0.0,0.0,300.0,0.0,True,True,True,True,True,True,0.0,0.0,0,True,0.0,0.0,0.0,0.0,0.0,0.0,0.0,0.0,0.0,0.0,True,0,0,0.0,0.0,True,0.0,0.0,0.0,0.0,
BulletstormOnShellPickedUpProjectile,4000.0,100.0,,0.0,0.0,0.0,0.0,True,True,True,True,True,True,0.0,0.0,0,True,0.0,0.0,0.0,0.0,0.0,0.0,0.0,0.0,0.0,0.0,True,0,0,0.0,0.0,True,0.0,0.0,0.0,0.0,
BulletstormUltiMarkedProjectile,4500.0,80.0,9,0.0,0.0,0.0,0.0,True,True,True,True,True,True,0.0,0.0,0,True,0.0,0.0,0.0,0.0,0.0,0.0,0.0,0.0,0.0,0.0,True,0,0,0.0,0.0,True,4.0,2.0,40.0,0.0,
MegaBossDgProjectile,3100.0,0.0,,0.0,0.0,0.0,0.0,True,True,True,True,True,True,0.0,0.0,0,True,0.0,0.0,0.0,0.0,0.0,0.0,0.0,0.0,0.0,0.0,True,0,0,0.0,0.0,True,0.0,0.0,0.0,0.0,
MegaBossDgSpawn,2500.0,0.0,,0.0,0.0,400.0,0.0,True,True,True,True,True,True,0.0,0.0,0,True,0.0,0.0,0.0,0.0,0.0,0.0,0.0,0.0,0.0,0.0,True,0,0,0.0,0.0,True,0.0,0.0,0.0,0.0,
MegaBossDgSpawnProjectile,3100.0,0.0,,0.0,0.0,0.0,0.0,True,True,True,True,True,True,0.0,0.0,0,True,0.0,0.0,0.0,0.0,0.0,0.0,0.0,0.0,0.0,0.0,True,0,0,0.0,0.0,True,0.0,0.0,0.0,0.0,
MegaBossVecProjectileDropClock,29000.0,0.0,,0.0,0.0,260.0,0.0,True,True,True,True,True,True,0.0,0.0,0,True,0.0,0.0,0.0,0.0,0.0,0.0,0.0,0.0,0.0,0.0,True,0,0,0.0,0.0,True,0.0,0.0,0.0,0.0,
MegaBossVecProjectileLong,3100.0,0.0,,0.0,0.0,0.0,0.0,True,True,True,True,True,True,0.0,0.0,0,True,0.0,0.0,0.0,0.0,0.0,0.0,0.0,0.0,0.0,0.0,True,0,0,0.0,0.0,True,0.0,0.0,0.0,0.0,
MegaBossVecProjectileFreeze,29000.0,0.0,,0.0,0.0,260.0,0.0,True,True,True,True,True,True,0.0,0.0,0,True,0.0,0.0,0.0,0.0,0.0,0.0,0.0,0.0,0.0,0.0,True,0,0,0.0,0.0,True,0.0,0.0,0.0,0.0,
RogueliteCirclingProjectileClose,560.0,200.0,8,550.0,0.0,0.0,0.0,True,True,True,True,True,True,0.0,0.0,0,True,0.0,0.0,0.0,0.0,20.0,0.0,0.0,0.0,0.0,0.0,True,0,0,0.0,0.0,True,0.0,0.0,99999.0,0.0,
RogueliteCirclingProjectileFar,560.0,200.0,8,800.0,0.0,0.0,0.0,True,True,True,True,True,True,0.0,0.0,0,True,0.0,0.0,0.0,0.0,20.0,0.0,0.0,0.0,0.0,0.0,True,0,0,0.0,0.0,True,0.0,0.0,99999.0,0.0,
RogueliteCirclingProjectile3,560.0,200.0,8,500.0,0.0,0.0,0.0,True,True,True,True,True,True,0.0,0.0,0,True,0.0,0.0,0.0,0.0,20.0,0.0,0.0,0.0,0.0,0.0,True,0,0,0.0,0.0,True,0.0,0.0,99999.0,0.0,
EnragerPullProjectile,4000.0,150.0,,0.0,0.0,0.0,0.0,True,True,True,True,True,True,0.0,0.0,0,True,0.0,0.0,0.0,0.0,0.0,0.0,0.0,0.0,0.0,0.0,True,0,0,0.0,0.0,True,0.0,0.0,0.0,0.0,
MegaBossFrankProjectile,2200.0,150.0,,0.0,0.0,0.0,0.0,True,True,True,True,True,True,0.0,0.0,0,True,0.0,0.0,0.0,0.0,0.0,0.0,0.0,0.0,0.0,0.0,True,0,0,0.0,0.0,True,0.0,0.0,0.0,0.0,
MegaBossFrankUltiProjectile,2200.0,200.0,,0.0,0.0,0.0,0.0,True,True,True,True,True,True,0.0,0.0,0,True,0.0,0.0,0.0,0.0,0.0,0.0,0.0,500.0,0.0,0.0,True,0,0,0.0,0.0,True,0.0,0.0,0.0,0.0,
MegaBossFrankSpawnAdd,2500.0,0.0,,0.0,0.0,400.0,0.0,True,True,True,True,True,True,0.0,0.0,0,True,0.0,0.0,0.0,0.0,0.0,0.0,0.0,0.0,0.0,0.0,True,0,0,0.0,0.0,True,0.0,0.0,0.0,0.0,
MegaBossFrankGroundSpikeProjectile,29000.0,0.0,,0.0,0.0,260.0,0.0,True,True,True,True,True,True,0.0,0.0,0,True,0.0,0.0,0.0,0.0,0.0,0.0,0.0,0.0,0.0,0.0,True,0,0,0.0,0.0,True,0.0,0.0,0.0,0.0,
RogueliteLCardSqueakProjectile2,3000.0,100.0,,0.0,0.0,0.0,0.0,True,True,True,True,True,True,0.0,0.0,0,True,0.0,0.0,0.0,0.0,0.0,0.0,0.0,0.0,0.0,0.0,True,0,0,0.0,0.0,True,0.0,0.0,0.0,0.0,
MegaBossVecProjectileRockExplosion,29000.0,0.0,,0.0,0.0,260.0,0.0,True,True,True,True,True,True,0.0,0.0,0,True,0.0,0.0,0.0,0.0,0.0,0.0,0.0,0.0,0.0,0.0,True,0,0,0.0,0.0,True,0.0,0.0,0.0,0.0,
MegaBossVecProjectileRockExplosionProjectiles,1700.0,65.0,,0.0,0.0,0.0,0.0,True,True,True,True,True,True,0.0,0.0,0,True,0.0,0.0,0.0,0.0,0.0,0.0,0.0,0.0,0.0,0.0,True,0,0,0.0,0.0,True,0.0,0.0,0.0,0.0,
MegaBossVecProjectileBlackholeDistance,29000.0,0.0,,0.0,0.0,260.0,0.0,True,True,True,True,True,True,0.0,0.0,0,True,0.0,0.0,0.0,0.0,0.0,0.0,0.0,0.0,0.0,0.0,True,0,0,0.0,0.0,True,0.0,0.0,0.0,0.0,
MegaBossVecAttackSlowProjectile,1500.0,400.0,,0.0,0.0,0.0,0.0,True,True,True,True,True,True,0.0,0.0,0,True,0.0,0.0,0.0,0.0,0.0,0.0,0.0,0.0,0.0,0.0,True,0,0,0.0,0.0,True,0.0,0.0,0.0,0.0,
MegaBossVecTeleport,2500.0,200.0,,0.0,0.0,0.0,0.0,True,True,True,True,True,True,0.0,0.0,0,True,0.0,0.0,0.0,0.0,0.0,0.0,0.0,0.0,0.0,0.0,True,0,0,0.0,0.0,True,0.0,0.0,0.0,0.0,
MegaBossFrankCreateDemon,1000.0,0.0,,0.0,0.0,260.0,0.0,True,True,True,True,True,True,0.0,0.0,0,True,0.0,0.0,0.0,0.0,0.0,0.0,0.0,0.0,0.0,0.0,True,0,0,0.0,0.0,True,0.0,0.0,0.0,0.0,MegaFrankMeleeEnemy
ShellyOverchargedProjectile,4430.0,0.0,,0.0,0.0,0.0,0.0,True,True,True,True,True,True,0.0,0.0,0,True,0.0,0.0,0.0,0.0,0.0,0.0,0.0,0.0,0.0,0.0,True,0,0,0.0,0.0,True,0.0,0.0,0.0,0.0,
SpikeOverchargedProjectile,2174.0,150.0,,0.0,0.0,0.0,0.0,True,True,True,True,True,True,0.0,0.0,0,True,0.0,0.0,0.0,0.0,0.0,0.0,0.0,0.0,0.0,0.0,True,0,0,0.0,0.0,True,0.0,0.0,0.0,0.0,
SpikeOverchargedFrag,3261.0,50.0,,0.0,0.0,0.0,0.0,True,True,True,True,True,True,0.0,0.0,0,True,0.0,0.0,0.0,0.0,0.0,0.0,0.0,0.0,0.0,0.0,True,0,0,0.0,0.0,True,0.0,0.0,0.0,0.0,
GunslingerOverchargedProjectile,4000.0,50.0,,0.0,0.0,0.0,0.0,True,True,True,True,True,True,0.0,0.0,0,True,0.0,0.0,0.0,0.0,0.0,0.0,0.0,0.0,0.0,0.0,True,0,0,0.0,0.0,True,0.0,0.0,0.0,0.0,
MenderProjectile,5000.0,150.0,,0.0,0.0,0.0,0.0,True,True,True,True,True,True,0.0,0.0,0,True,0.0,0.0,0.0,0.0,0.0,0.0,0.0,0.0,0.0,0.0,True,0,0,0.0,0.0,True,0.0,0.0,0.0,0.0,
MenderUltiProjectile,5000.0,300.0,,0.0,0.0,0.0,0.0,True,True,True,True,True,True,0.0,0.0,0,True,0.0,0.0,0.0,0.0,0.0,0.0,0.0,0.0,0.0,0.0,True,0,0,0.0,0.0,True,0.0,0.0,0.0,0.0,
85d990d2281f4205a01543638713f95f6c1c4dda,4130.0,50.0,,0.0,0.0,0.0,0.0,True,True,True,True,True,True,0.0,0.0,0,True,0.0,0.0,0.0,0.0,0.0,0.0,0.0,0.0,0.0,0.0,True,0,0,0.0,0.0,True,0.0,0.0,0.0,0.0,
250a01349a9cf0d94c65bea391c9c7da57fcc135,4130.0,50.0,,0.0,0.0,0.0,0.0,True,True,True,True,True,True,0.0,0.0,0,True,0.0,0.0,0.0,0.0,0.0,0.0,0.0,0.0,0.0,0.0,True,0,0,0.0,0.0,True,0.0,0.0,0.0,0.0,
HammerDudeWeaponOverchargedProjectile,5000.0,150.0,,0.0,0.0,0.0,0.0,True,True,True,True,True,True,0.0,0.0,0,True,0.0,0.0,0.0,0.0,0.0,0.0,0.0,0.0,0.0,0.0,True,0,0,0.0,0.0,True,0.0,0.0,0.0,0.0,
MummyWeaponOverchargedProjectile,1500.0,250.0,1,0.0,0.0,0.0,0.0,True,True,True,True,True,True,0.0,0.0,0,True,0.0,0.0,0.0,0.0,7.0,0.0,0.0,0.0,0.0,0.0,True,0,0,0.0,0.0,True,0.0,0.0,0.0,0.0,
CactusBonusSkillCoverProjectile,2500.0,0.0,,0.0,0.0,240.0,0.0,True,True,True,True,True,True,0.0,0.0,0,True,0.0,0.0,0.0,0.0,0.0,0.0,0.0,0.0,0.0,0.0,True,0,0,0.0,0.0,True,0.0,0.0,0.0,0.0,CactusCover
CactusBonusSkillCoverProjectileBuddy,2500.0,0.0,,0.0,0.0,240.0,0.0,True,True,True,True,True,True,0.0,0.0,0,True,0.0,0.0,0.0,0.0,0.0,0.0,0.0,0.0,0.0,0.0,True,0,0,0.0,0.0,True,0.0,0.0,0.0,0.0,CactusCoverBuddy
CactusSpikeGadgetBuddy,2500.0,50.0,,0.0,0.0,0.0,0.0,True,True,True,True,True,True,0.0,0.0,0,True,0.0,0.0,0.0,0.0,0.0,0.0,0.0,0.0,0.0,0.0,True,0,0,0.0,0.0,True,0.0,0.0,0.0,0.0,
ShotgunGirlProjectileGadgetSkill,4300.0,0.0,,0.0,0.0,0.0,0.0,True,True,True,True,True,True,0.0,0.0,0,True,0.0,0.0,0.0,0.0,0.0,0.0,0.0,0.0,0.0,0.0,True,0,0,0.0,0.0,True,0.0,0.0,0.0,0.0,
GunslingerDoubleShotProjectile,4891.0,101.0,,0.0,0.0,0.0,0.0,True,True,True,True,True,True,0.0,0.0,0,True,0.0,0.0,0.0,0.0,0.0,0.0,0.0,0.0,0.0,0.0,True,0,0,0.0,0.0,True,0.0,0.0,0.0,0.0,
GunslingerDoubleShotProjectileBuddy,4891.0,101.0,,0.0,0.0,0.0,0.0,True,True,True,True,True,True,0.0,0.0,0,True,0.0,0.0,0.0,0.0,0.0,0.0,0.0,0.0,0.0,0.0,True,0,0,0.0,0.0,True,0.0,0.0,0.0,0.0,
GunslingerSilverBulletProjectileBuddy,3804.0,120.0,,0.0,0.0,0.0,0.0,True,True,True,True,True,True,0.0,0.0,0,True,0.0,0.0,0.0,0.0,0.0,0.0,0.0,0.0,0.0,0.0,True,0,0,0.0,0.0,True,0.0,0.0,0.0,0.0,
GunslingerSilverBulletProjectile,3804.0,101.0,,0.0,0.0,0.0,0.0,True,True,True,True,True,True,0.0,0.0,0,True,0.0,0.0,0.0,0.0,0.0,0.0,0.0,0.0,0.0,0.0,True,0,0,0.0,0.0,True,0.0,0.0,0.0,0.0,
DummyProjectileForLoveBomb,2499.0,0.0,,0.0,0.0,700.0,0.0,True,True,True,True,True,True,0.0,0.0,0,True,0.0,0.0,0.0,0.0,0.0,0.0,0.0,0.0,0.0,0.0,True,0,0,0.0,0.0,True,0.0,0.0,0.0,0.0,
MummyGadgetSkillAcidSprayProjectile,1500.0,200.0,1,0.0,0.0,0.0,0.0,True,True,True,True,True,True,0.0,0.0,0,True,0.0,0.0,0.0,0.0,7.0,0.0,0.0,0.0,0.0,0.0,True,0,0,0.0,0.0,True,0.0,0.0,0.0,0.0,
MummyGadgetSkillAcidSprayProjectileBuddy,1500.0,200.0,1,0.0,0.0,0.0,0.0,True,True,True,True,True,True,0.0,0.0,0,True,0.0,0.0,0.0,0.0,7.0,0.0,0.0,0.0,0.0,0.0,True,0,0,0.0,0.0,True,0.0,0.0,0.0,0.0,
MummyGadgetSkillFriendzonerProjectile,5000.0,80.0,,0.0,0.0,0.0,0.0,True,True,True,True,True,True,0.0,0.0,0,True,0.0,0.0,0.0,0.0,0.0,0.0,0.0,0.0,0.0,0.0,True,0,0,0.0,0.0,True,0.0,0.0,0.0,0.0,
MummyGadgetSkillFriendzonerProjectileBuddy,5000.0,80.0,,0.0,0.0,0.0,0.0,True,True,True,True,True,True,0.0,0.0,0,True,0.0,0.0,0.0,0.0,0.0,0.0,0.0,0.0,0.0,0.0,True,0,0,0.0,0.0,True,0.0,0.0,0.0,0.0,
HammerDudeGadgetSkillNoiseCancelBuddyProjectile,5000.0,150.0,,0.0,0.0,0.0,0.0,True,True,True,True,True,True,0.0,0.0,0,True,0.0,0.0,0.0,0.0,0.0,0.0,0.0,0.0,0.0,0.0,True,0,0,0.0,0.0,True,0.0,0.0,0.0,0.0,
HammerDudeGadgetSkillAttractionBuddyProjectile,5000.0,150.0,,0.0,0.0,0.0,0.0,True,True,True,True,True,True,0.0,0.0,0,True,0.0,0.0,0.0,0.0,0.0,0.0,0.0,0.0,0.0,0.0,True,0,0,0.0,0.0,True,0.0,0.0,0.0,0.0,
HammerDudeGadgetSkillNoiseCancelProjectile,5000.0,150.0,,0.0,0.0,0.0,0.0,True,True,True,True,True,True,0.0,0.0,0,True,0.0,0.0,0.0,0.0,0.0,0.0,0.0,0.0,0.0,0.0,True,0,0,0.0,0.0,True,0.0,0.0,0.0,0.0,
HammerDudeGadgetSkillAttractionProjectile,5000.0,150.0,,0.0,0.0,0.0,0.0,True,True,True,True,True,True,0.0,0.0,0,True,0.0,0.0,0.0,0.0,0.0,0.0,0.0,0.0,0.0,0.0,True,0,0,0.0,0.0,True,0.0,0.0,0.0,0.0,
UndertakerGadgetSkillComboSpinnerProjectile,5000.0,0.0,,0.0,0.0,0.0,0.0,True,True,True,True,True,True,0.0,0.0,0,True,0.0,0.0,0.0,0.0,0.0,0.0,0.0,0.0,0.0,0.0,True,0,0,0.0,0.0,True,0.0,0.0,0.0,0.0,
UndertakerGadgetSkillComboSpinnerProjectileBuddy,5000.0,0.0,,0.0,0.0,0.0,0.0,True,True,True,True,True,True,0.0,0.0,0,True,0.0,0.0,0.0,0.0,0.0,0.0,0.0,0.0,0.0,0.0,True,0,0,0.0,0.0,True,0.0,0.0,0.0,0.0,
MegaBossStickyBombProjectile,2500.0,140.0,,0.0,0.0,0.0,0.0,True,True,True,True,True,True,0.0,0.0,0,True,0.0,0.0,0.0,0.0,0.0,0.0,0.0,0.0,0.0,0.0,True,0,0,0.0,0.0,True,0.0,0.0,0.0,0.0,
MegaBossStickyBombUltiProjectile,700.0,0.0,,0.0,0.0,60.0,0.0,True,True,True,True,True,True,0.0,0.0,0,True,0.0,0.0,0.0,0.0,0.0,0.0,0.0,0.0,0.0,0.0,True,0,0,0.0,0.0,True,0.0,0.0,0.0,0.0,
MegaBossStickyBombOverchargedUltiProjectile,700.0,0.0,,0.0,0.0,60.0,0.0,True,True,True,True,True,True,0.0,0.0,0,True,0.0,0.0,0.0,0.0,0.0,0.0,0.0,0.0,0.0,0.0,True,1,0,0.0,15.0,True,0.0,0.0,0.0,0.0,
MegaBossStickyBombOverchargedUltiProjectileBounce1,700.0,0.0,,0.0,0.0,60.0,0.0,True,True,True,True,True,True,0.0,0.0,0,True,0.0,0.0,0.0,0.0,0.0,0.0,0.0,0.0,0.0,0.0,True,1,0,0.0,15.0,True,0.0,0.0,0.0,0.0,
MegaBossStickyBombOverchargedUltiProjectileBounce2,700.0,0.0,,0.0,0.0,60.0,0.0,True,True,True,True,True,True,0.0,0.0,0,True,0.0,0.0,0.0,0.0,0.0,0.0,0.0,0.0,0.0,0.0,True,1,0,0.0,15.0,True,0.0,0.0,0.0,0.0,
MegaBossStickyBombOverchargedUltiProjectileBounce3,700.0,0.0,,0.0,0.0,60.0,0.0,True,True,True,True,True,True,0.0,0.0,0,True,0.0,0.0,0.0,0.0,0.0,0.0,0.0,0.0,0.0,0.0,True,1,0,0.0,15.0,True,0.0,0.0,0.0,0.0,
MegaBossStickyBombOverchargedUltiProjectileBounce4,700.0,0.0,,0.0,0.0,60.0,0.0,True,True,True,True,True,True,0.0,0.0,0,True,0.0,0.0,0.0,0.0,0.0,0.0,0.0,0.0,0.0,0.0,True,0,0,0.0,0.0,True,0.0,0.0,0.0,0.0,
MegaBossStickyBombProjectileLarge,3000.0,200.0,,0.0,0.0,0.0,0.0,True,True,True,True,True,True,0.0,0.0,0,True,0.0,0.0,0.0,0.0,0.0,0.0,0.0,0.0,0.0,0.0,True,0,0,0.0,0.0,True,0.0,0.0,0.0,0.0,
MegaBossStickyBombUltiBulletExplodeProjectileLarge,2500.0,100.0,,0.0,0.0,0.0,0.0,True,True,True,True,True,True,0.0,0.0,0,True,0.0,0.0,0.0,0.0,0.0,0.0,0.0,0.0,0.0,0.0,True,0,0,0.0,0.0,True,0.0,0.0,0.0,0.0,
MegaBossStickyBombUltiBulletExplodeProjectile,2500.0,100.0,,0.0,0.0,0.0,0.0,True,True,True,True,True,True,0.0,0.0,0,True,0.0,0.0,0.0,0.0,0.0,0.0,0.0,0.0,0.0,0.0,True,0,0,0.0,0.0,True,0.0,0.0,0.0,0.0,
MegaBossMosquitoProjectile,2200.0,110.0,,0.0,0.0,0.0,0.0,True,True,True,True,True,True,0.0,0.0,0,True,0.0,0.0,0.0,0.0,0.0,0.0,0.0,0.0,0.0,0.0,True,0,0,0.0,0.0,True,0.0,0.0,0.0,0.0,
MegaBossMosquitoProjectileLarge,2600.0,180.0,,0.0,0.0,0.0,0.0,True,True,True,True,True,True,0.0,8000.0,2,True,0.0,0.0,0.0,0.0,0.0,0.0,0.0,0.0,0.0,0.0,True,0,0,0.0,0.0,True,0.0,0.0,0.0,0.0,
UndertakerGadgetSkillBatsProjectile,1000.0,100.0,,0.0,0.0,10.0,0.0,True,True,True,True,True,True,0.0,0.0,0,True,0.0,0.0,0.0,0.0,0.0,0.0,0.0,0.0,0.0,0.0,True,0,0,0.0,0.0,True,0.0,0.0,0.0,0.0,
UndertakerGadgetSkillBatsProjectileBuddy,1000.0,100.0,,0.0,0.0,10.0,0.0,True,True,True,True,True,True,0.0,0.0,0,True,0.0,0.0,0.0,0.0,0.0,0.0,0.0,0.0,0.0,0.0,True,0,0,0.0,0.0,True,0.0,0.0,0.0,0.0,
MegaBossGhostProjectile,800.0,100.0,,0.0,0.0,0.0,0.0,True,True,True,True,True,True,0.0,1000.0,4,True,0.0,0.0,0.0,0.0,0.0,0.0,0.0,0.0,0.0,0.0,True,0,0,0.0,0.0,True,0.0,0.0,0.0,0.0,
ShotgunGirlProjectileGadgetSkillBuddy,4300.0,0.0,,0.0,0.0,0.0,0.0,True,True,True,True,True,True,0.0,0.0,0,True,0.0,0.0,0.0,0.0,0.0,0.0,0.0,0.0,0.0,0.0,True,0,0,0.0,0.0,True,0.0,0.0,0.0,0.0,
MegaBossTrickshotDude2Projectile,900.0,85.0,,0.0,0.0,0.0,0.0,True,True,True,True,True,True,0.0,3000.0,5,True,0.0,0.0,0.0,0.0,0.0,0.0,0.0,0.0,0.0,0.0,True,0,0,0.0,0.0,True,0.0,0.0,0.0,0.0,
MegaBossTrickshotDude2UltiProjectile,1300.0,85.0,,0.0,0.0,0.0,0.0,True,True,True,True,True,True,0.0,3000.0,5,True,0.0,0.0,0.0,0.0,0.0,0.0,0.0,0.0,0.0,0.0,True,0,0,0.0,0.0,True,0.0,0.0,0.0,0.0,
MegaBossTrickshotDude2ProjectileLarge,900.0,150.0,,0.0,0.0,0.0,0.0,True,True,True,True,True,True,0.0,3000.0,5,True,0.0,0.0,0.0,0.0,0.0,0.0,0.0,0.0,0.0,0.0,True,0,0,0.0,0.0,True,0.0,0.0,0.0,0.0,
MegaBossTrickshotDude2ProjectileLargeExtra,1600.0,250.0,,0.0,0.0,0.0,0.0,True,True,True,True,True,True,0.0,3000.0,5,True,0.0,0.0,0.0,0.0,0.0,0.0,0.0,0.0,0.0,0.0,True,0,0,0.0,0.0,True,0.0,0.0,0.0,0.0,
